,Group,Class,PC1,PC2
0,Adygei.HO,PCA,13.4059094342068,83.6717286034429
1,Adygei.HO,PCA,1.40656317216615,81.953173426615
2,Adygei.HO,PCA,2.74590306583948,78.9097940948755
3,Adygei.HO,PCA,-10.4570490382319,66.5526334095801
4,Adygei.HO,PCA,7.34000458352348,90.7333212322877
5,Adygei.HO,PCA,23.7113552245857,97.8656694858053
6,Adygei.HO,PCA,18.2819786098693,102.465825957812
7,Adygei.HO,PCA,2.15431741923977,90.7848182524098
8,Armenian_Hemsheni.HO,PCA,51.7741748079528,77.6323562481757
9,Armenian_Hemsheni.HO,PCA,-32.8359131854011,40.7868696343278
10,Armenian_Hemsheni.HO,PCA,44.7440606845193,75.4121941903676
11,Armenian_Hemsheni.HO,PCA,55.4282944904386,72.6762173910394
12,Armenian_Hemsheni.HO,PCA,57.8259908994927,74.7061302204793
13,Armenian_Hemsheni.HO,PCA,45.5451873043339,64.228600893355
14,Armenian_Hemsheni.HO,PCA,52.5330940150802,77.8987091021242
15,Armenian_Hemsheni.HO,PCA,46.5548501354714,79.2186361050154
16,Georgian.HO,PCA,44.751131552215,81.9160668295579
17,Georgian.HO,PCA,36.8664449103499,65.5496107037539
18,Georgian.HO,PCA,48.8524211039662,73.7870395501882
19,Georgian.HO,PCA,49.7111987803283,75.9971629436623
20,Georgian.HO,PCA,43.9909124637947,76.1843360028712
21,Georgian.HO,PCA,33.2971027626877,86.504054481656
22,Georgian.HO,PCA,41.9819365579008,80.1641708775036
23,Georgian.HO,PCA,43.4223020813137,85.5121645151838
24,Georgian.HO,PCA,38.8727368703109,95.0618945504737
25,Georgian.HO,PCA,38.0153532561614,91.2847165904487
26,Georgian.HO,PCA,44.6789551386292,92.3389565745577
27,Georgian.HO,PCA,43.7424827292555,95.9162889957238
28,Georgian.HO,PCA,49.6402888482893,84.5213282931852
29,Adygei.HO,PCA,3.16636738692428,91.9005777322458
30,Mordovian.HO,PCA,-107.515601483614,13.6300749484995
31,Mordovian.HO,PCA,-112.155127325625,19.7565883410731
32,Mordovian.HO,PCA,-107.812161891179,22.141645100547
33,Mordovian.HO,PCA,-97.4677667084468,21.0818131454939
34,Mordovian.HO,PCA,-110.230125928711,15.6963375051785
35,Mordovian.HO,PCA,-106.669247861631,20.7804949655602
36,Mordovian.HO,PCA,-103.833786858722,24.2796651085722
37,Mordovian.HO,PCA,-111.847290901286,25.5055356608056
38,Mordovian.HO,PCA,-109.456129697549,19.4032286000992
39,Mordovian.HO,PCA,-115.10153348799,23.3840565562063
40,Mordovian.HO,PCA,-105.645136129228,12.7698476566072
41,Mordovian.HO,PCA,-105.748427113408,18.3650608810328
42,Mordovian.HO,PCA,-106.621174232246,13.7346119655252
43,Mordovian.HO,PCA,-120.207946290403,17.9414935926359
44,Mordovian.HO,PCA,-108.933676738199,18.7219809105608
45,Mordovian.HO,PCA,-110.131252593627,12.5062382524974
46,Mordovian.HO,PCA,-116.303637238452,9.12787868877928
47,Mordovian.HO,PCA,-113.889030855195,8.28444383849615
48,Mordovian.HO,PCA,-106.033535422654,17.3766601140395
49,Mordovian.HO,PCA,-116.207036809055,20.9734009766935
50,Mordovian.HO,PCA,-111.129575628107,10.882971644606
51,Mordovian.HO,PCA,-110.608616148094,15.8261438791181
52,Russian_Archangelsk_Krasnoborsky.HO,PCA,-124.759382058067,18.044105915951
53,Russian_Archangelsk_Krasnoborsky.HO,PCA,-101.829081244541,9.70250947092435
54,Russian_Archangelsk_Krasnoborsky.HO,PCA,-112.701940855217,8.82616677622916
55,Russian_Archangelsk_Krasnoborsky.HO,PCA,-123.382926441724,11.3478151316473
56,Russian_Archangelsk_Krasnoborsky.HO,PCA,-124.824926468606,12.3718360573548
57,Russian_Archangelsk_Krasnoborsky.HO,PCA,-118.57022889919,12.021834775119
58,Russian.HO,PCA,-108.967119082357,0.358483502422544
59,Russian.HO,PCA,-108.903620895895,0.615444045269276
60,Russian.HO,PCA,-100.952096207003,7.64090304204357
61,Russian.HO,PCA,-111.962363945863,-3.59860014363421
62,Russian.HO,PCA,-114.803091843265,1.14800680374172
63,Russian.HO,PCA,-116.902564832705,4.6253231380182
64,Russian.HO,PCA,-115.413985281334,4.49049947206283
65,Russian.HO,PCA,-117.602299465484,-3.96924997934971
66,Russian.HO,PCA,-117.225818405877,14.0530170867695
67,Russian.HO,PCA,-108.876135579174,4.74393328012313
68,Russian.HO,PCA,-105.309306240207,10.3904690672059
69,Russian.HO,PCA,-117.750064207101,2.36431140951539
70,Russian.HO,PCA,-110.341158013442,0.825871421297665
71,Russian.HO,PCA,-122.260165982181,7.82456871721438
72,Russian.HO,PCA,-98.4464989485818,10.1950149172227
73,Russian.HO,PCA,-110.50121768525,2.7655582901492
74,Russian.HO,PCA,-112.20868605076,0.292450326889767
75,Russian.HO,PCA,-107.074688233079,-1.6845315165188
76,Russian.HO,PCA,-105.548499697568,7.85933768899635
77,Russian.HO,PCA,-107.817812943972,5.69154237165943
78,Russian.HO,PCA,-116.857888497769,2.24019525061121
79,Russian.HO,PCA,-128.841417526174,-4.34591113903813
80,Russian.HO,PCA,-129.821011659889,-9.32642062408692
81,Russian.HO,PCA,-125.884389926014,-8.12468134877965
82,Russian.HO,PCA,-124.293447330974,-0.772683804759597
83,Russian.HO,PCA,-112.889679408762,-3.08535057441449
84,Russian.HO,PCA,-117.738803134463,-0.0423509240412761
85,Russian.HO,PCA,-107.901192279604,6.09834808639148
86,Russian.HO,PCA,-109.661192924297,5.54174872187623
87,Russian.HO,PCA,-107.402446823886,10.4799149148252
88,Russian.HO,PCA,-110.928453006037,9.1477472561128
89,Russian.HO,PCA,-108.255728764188,13.0450580462352
90,Russian.HO,PCA,-116.497353592508,-0.153861994182978
91,Russian.HO,PCA,-114.073394642155,3.96951062173251
92,Russian.HO,PCA,-111.191990045939,9.20753161485337
93,Russian.HO,PCA,-117.618291060519,3.87320877222913
94,Russian.HO,PCA,-104.186561601333,16.3870245973095
95,Russian.HO,PCA,-112.269907644282,8.71963036611002
96,Russian.HO,PCA,-107.092800564395,4.15966366912264
97,Russian.HO,PCA,-113.799252965991,2.10570436046411
98,Russian.HO,PCA,-119.979480379237,-1.13040188146608
99,Russian.HO,PCA,-118.389202084629,2.87662768202636
100,Russian.HO,PCA,-120.990201599977,5.36556264895102
101,Russian.HO,PCA,-106.861886743239,9.14098022528267
102,Russian.HO,PCA,-109.070894223616,1.35967166293929
103,Russian.HO,PCA,-116.145411499541,-0.818221477925343
104,Russian.HO,PCA,-120.214388363706,-5.76575611421457
105,Russian.HO,PCA,-122.162456735993,0.363106089822396
106,Russian.HO,PCA,-116.415340309847,6.92694476369995
107,Adygei.HO,PCA,13.4665259798819,86.3556792212408
108,Adygei.HO,PCA,12.4041163646336,93.0822604775602
109,Adygei.HO,PCA,12.1461251422818,84.6111143621169
110,Ukrainian.HO,PCA,-102.527854000908,-1.11068960886111
111,Ukrainian.HO,PCA,-113.625296108008,2.5488519975347
112,Ukrainian.HO,PCA,-110.800109086423,-2.18228985903951
113,Ukrainian.HO,PCA,-109.202437450222,2.57444636154518
114,Ukrainian_North.HO,PCA,-115.697690854326,-4.24565565833621
115,Ukrainian_North.HO,PCA,-102.946162299555,6.79911541941315
116,Ukrainian_North.HO,PCA,-118.397411999603,9.18156235191388
117,Ukrainian_North.HO,PCA,-101.264511941237,1.82947470006679
118,Ukrainian_North.HO,PCA,-104.768765596837,-5.24412873061516
119,Ukrainian_North.HO,PCA,-110.222525459033,3.21587205173103
120,Ukrainian_North.HO,PCA,-115.185836707843,-4.91828960566506
121,Ukrainian_North.HO,PCA,-101.824390113194,-13.3549301739074
122,Adygei.HO,PCA,8.81743260201834,94.3979231103422
123,Adygei.HO,PCA,3.24782317191038,88.4109015490934
124,Adygei.HO,PCA,10.3562182851179,95.4011464246944
125,French.HO,PCA,-85.7859163457851,-22.4387578294841
126,French.HO,PCA,-73.7924572440808,-22.7972096782814
127,French.HO,PCA,-75.643362021064,-22.1813157798676
128,French.HO,PCA,-81.7289123316558,-20.0496887595748
129,French.HO,PCA,-90.2495787625323,-24.1997785380681
130,French.HO,PCA,-69.3322882895469,-12.4996601446947
131,French.HO,PCA,-78.4260771300656,-25.9780515116117
132,French.HO,PCA,-86.0824936030388,-17.3483007014222
133,French.HO,PCA,-99.0885551943772,-14.5620147576835
134,French.HO,PCA,-81.5658284591686,-20.3508691287124
135,French.HO,PCA,-91.9096633997758,-26.2451487795717
136,French.HO,PCA,-72.4053381556445,-35.5426770283523
137,French.HO,PCA,-76.9835260580692,-17.2401613812691
138,French.HO,PCA,-82.8446489854904,-25.4094549333629
139,French.HO,PCA,-81.6925909729369,-22.7762802821496
140,French.HO,PCA,-84.2449134440397,-20.3875973322438
141,French.HO,PCA,-74.2308464911958,-23.52143750709
142,French_o.HO,PCA,-80.5604801391877,-25.2877548144676
143,French.HO,PCA,-80.8455396770793,-45.8849747899175
144,French.HO,PCA,-104.779526660026,-7.56612527610688
145,French.HO,PCA,-79.689324652646,-22.8296941197113
146,French.HO,PCA,-93.8962668492544,-18.9618669070696
147,French.HO,PCA,-58.4645616473882,-30.6201717624012
148,French.HO,PCA,-73.243693764705,-23.3074424670019
149,French.HO,PCA,-75.9542347186597,-24.3815744986355
150,French.HO,PCA,-71.7847751003386,-31.6848085179321
151,Druze.HO,PCA,100.048396501788,52.3242753485261
152,Druze.HO,PCA,107.470567861213,64.7212577807422
153,Druze.HO,PCA,91.9244575965562,58.311309779667
154,Druze.HO,PCA,100.641175836788,80.6609259376139
155,Druze.HO,PCA,96.1802138190302,45.8816918006275
156,Druze.HO,PCA,95.8767005286745,57.4891571040664
157,Druze.HO,PCA,100.757202026104,40.1097917494291
158,Druze.HO,PCA,94.1138258192594,58.4561342082494
159,Druze.HO,PCA,108.527822963618,64.6894613408995
160,Druze.HO,PCA,98.7756134463142,22.914184526629
161,Druze.HO,PCA,114.76401453361,67.4313133766067
162,Druze.HO,PCA,102.450519374187,93.035366338967
163,Druze.HO,PCA,97.5007310876265,57.4261502014771
164,Druze.HO,PCA,80.0198672287825,59.0984869053481
165,Druze.HO,PCA,106.839797441077,65.6698016335977
166,Druze.HO,PCA,97.9204332547243,57.2371082247284
167,Druze.HO,PCA,111.639386621353,75.5745149408851
168,Druze.HO,PCA,99.7497897647305,66.4269147394432
169,Druze.HO,PCA,107.057643204312,68.147957063062
170,Druze.HO,PCA,96.5180763621159,38.2078008650678
171,Druze.HO,PCA,86.1758355435265,19.1603240458483
172,Druze.HO,PCA,82.4556167142991,46.8575455981546
173,Druze.HO,PCA,99.4976718057653,48.3188071001132
174,Druze.HO,PCA,107.899216538862,89.6958123485172
175,Druze.HO,PCA,88.5375293685235,45.5555306498621
176,Druze.HO,PCA,94.5444427732595,25.2583273114353
177,Druze.HO,PCA,78.813256763241,33.9578598563247
178,Druze.HO,PCA,110.37358896588,75.7786000974166
179,Druze.HO,PCA,90.2518227567835,63.4565964444191
180,Druze.HO,PCA,98.2140409955166,47.3319193656846
181,Druze.HO,PCA,90.555862453495,69.2311059128139
182,Druze.HO,PCA,100.429260711365,45.7874592338472
183,Druze.HO,PCA,101.04976687645,52.3730332257774
184,Druze.HO,PCA,81.2533104180785,71.1539228064965
185,Druze.HO,PCA,85.440431312208,30.9623344757689
186,Druze.HO,PCA,109.604663407804,58.8619217650569
187,Druze.HO,PCA,77.8031906487671,33.2795130916124
188,Druze.HO,PCA,101.232053739246,72.7902933762661
189,Druze.HO,PCA,92.7885730142817,50.5426460785523
190,BedouinB.HO,PCA,245.317312495797,-217.009992929109
191,BedouinB.HO,PCA,200.354990204689,-122.938863137264
192,BedouinA.HO,PCA,177.554492350516,-34.7395592056443
193,BedouinB.HO,PCA,240.772645725006,-244.359923925023
194,BedouinA.HO,PCA,217.004636551763,-59.2804251705671
195,BedouinB.HO,PCA,252.10066427544,-258.929028253426
196,BedouinA.HO,PCA,148.921983270889,4.59904833171803
197,BedouinA.HO,PCA,178.191440330389,-14.171550887887
198,BedouinA.HO,PCA,164.495346121349,-17.0334867429888
199,BedouinB.HO,PCA,256.236573973316,-362.46093757522
200,BedouinB.HO,PCA,243.846408335729,-248.032928295765
201,BedouinA.HO,PCA,154.30129369468,-7.72346841015054
202,BedouinA.HO,PCA,207.627193704625,-34.3207677099898
203,BedouinA.HO,PCA,171.927371550773,-39.2273636760697
204,BedouinB.HO,PCA,249.337245315283,-235.424667590512
205,BedouinB.HO,PCA,237.77865930191,-200.234854462851
206,BedouinA.HO,PCA,153.5086713169,-48.2669701345616
207,BedouinA.HO,PCA,162.97379303854,-22.8500915164779
208,BedouinA.HO,PCA,166.402742984848,-30.3069343445559
209,BedouinA.HO,PCA,166.608373547719,-31.5559282547091
210,BedouinB.HO,PCA,254.779745533646,-284.624595757496
211,BedouinB.HO,PCA,253.135950062289,-255.585204458679
212,BedouinA.HO,PCA,202.872584275781,-49.5953866803174
213,BedouinA.HO,PCA,199.083152087657,-54.7571620578901
214,BedouinA.HO,PCA,171.031872416548,-18.964751183721
215,BedouinB.HO,PCA,224.417954051347,-174.158513023806
216,BedouinA.HO,PCA,185.16192468037,-19.5008324654236
217,BedouinA.HO,PCA,205.241736611694,-68.226537814014
218,BedouinA.HO,PCA,173.383714069956,-94.8641187548253
219,BedouinA.HO,PCA,204.386057642561,-52.9033892915397
220,BedouinB.HO,PCA,228.042912925722,-201.231408927952
221,BedouinA.HO,PCA,170.76228110195,-23.1376851226577
222,BedouinB.HO,PCA,228.126048470797,-212.466116181013
223,BedouinA.HO,PCA,144.626746511941,-1.26712064127455
224,BedouinA.HO,PCA,169.070878541234,-0.78785494318127
225,BedouinA.HO,PCA,233.089963416629,-74.8087882792666
226,BedouinA.HO,PCA,163.47716124313,-29.4257929907051
227,BedouinB.HO,PCA,225.27276678651,-218.095088812437
228,BedouinB.HO,PCA,244.891740146024,-261.460330455315
229,BedouinB.HO,PCA,238.030917765583,-294.280797839445
230,BedouinB.HO,PCA,230.803863346444,-196.667735228415
231,BedouinB.HO,PCA,234.474799764202,-204.315455914804
232,BedouinA.HO,PCA,122.636009184036,15.122170178707
233,Sardinian.HO,PCA,-30.4228501324114,-73.2069785765468
234,Sardinian.HO,PCA,-42.8418259689394,-76.6938340542856
235,Sardinian.HO,PCA,-36.6833694117544,-91.1519586186791
236,Sardinian.HO,PCA,-32.2244155999464,-90.5036357253491
237,Sardinian.HO,PCA,-34.974944193315,-83.012812376359
238,Sardinian.HO,PCA,-38.0686534311691,-81.1435828916181
239,Italian_Sardinian.HO,PCA,-23.9527279626037,-82.9889836627479
240,Sardinian.HO,PCA,-22.8448564361603,-81.1978750259441
241,Sardinian.HO,PCA,-38.4496410817446,-85.9619901654304
242,Palestinian.HO,PCA,146.794317666431,29.9992849747427
243,Palestinian.HO,PCA,130.651665591096,16.5726923186851
244,Palestinian.HO,PCA,141.592928679455,34.9846835895232
245,Palestinian.HO,PCA,137.69977242808,15.8457605347088
246,Palestinian.HO,PCA,174.934190248699,-32.5910486185608
247,Palestinian.HO,PCA,160.827772291407,10.4570452463549
248,Palestinian.HO,PCA,145.746392103521,-15.6506277896561
249,Palestinian_oAfrican.HO,PCA,181.235966962218,-9.35496972528747
250,Palestinian.HO,PCA,153.061206287069,-7.28023631442843
251,Palestinian_oAfrican.HO,PCA,142.069750174035,8.71877749971113
252,Palestinian.HO,PCA,123.089780513697,23.0802851939488
253,Palestinian.HO,PCA,137.591497831363,14.8239344609119
254,Palestinian.HO,PCA,141.614564253416,18.0150527774929
255,Palestinian.HO,PCA,150.852266044237,4.05300406351272
256,Palestinian.HO,PCA,131.491473023839,18.4304062169171
257,Palestinian.HO,PCA,134.114752387299,26.2340332879876
258,Palestinian.HO,PCA,145.79953809318,-0.374040327854562
259,Palestinian.HO,PCA,140.409734586506,16.889230718046
260,Palestinian.HO,PCA,132.011504590984,10.1442214464619
261,Palestinian.HO,PCA,148.514596978186,-10.3645588887253
262,BedouinB.HO,PCA,232.914555001164,-238.506463154998
263,Palestinian.HO,PCA,143.431762933508,25.7654382076861
264,Palestinian.HO,PCA,147.164354506959,28.3256612420531
265,Palestinian.HO,PCA,151.063010472647,38.7751021154714
266,Palestinian.HO,PCA,155.794048850747,15.4999949374915
267,Palestinian.HO,PCA,136.455574026186,16.9420172840419
268,Palestinian.HO,PCA,151.15228811696,13.6312807635749
269,Palestinian.HO,PCA,134.819948105545,24.3789957188222
270,Palestinian_oAfrican.HO,PCA,181.589732338032,0.96615218900705
271,Palestinian.HO,PCA,147.522831884136,9.00457247169939
272,Palestinian.HO,PCA,146.337068088025,15.4932896219831
273,Palestinian.HO,PCA,140.423554254378,19.3220652200771
274,Palestinian.HO,PCA,140.942926468243,12.4907796872342
275,Palestinian.HO,PCA,127.937684383753,18.0284634924443
276,Palestinian.HO,PCA,172.59794115428,16.873230548308
277,Palestinian.HO,PCA,163.294288426753,-4.61481724464243
278,Palestinian.HO,PCA,135.824346532385,7.74298526983385
279,Palestinian.HO,PCA,135.093530785566,14.2358729002294
280,Orcadian.HO,PCA,-108.079866602454,-23.2177995823622
281,Orcadian.HO,PCA,-116.084522856633,-24.5791545218139
282,Orcadian.HO,PCA,-110.856383656128,-23.3224650614974
283,Orcadian.HO,PCA,-118.048274910456,-15.291063442489
284,Orcadian.HO,PCA,-117.816694889375,-23.4866335331856
285,Orcadian.HO,PCA,-110.985471549886,-21.9270941673206
286,Orcadian.HO,PCA,-114.401429775271,-29.483990097153
287,Orcadian.HO,PCA,-112.236018764165,-18.9271234149817
288,Orcadian.HO,PCA,-114.622575654377,-19.4546454431948
289,Orcadian.HO,PCA,-109.498346740571,-25.6546088458535
290,Orcadian.HO,PCA,-117.721824585574,-18.8043912802043
291,Orcadian.HO,PCA,-117.367287458851,-21.7468020878396
292,Orcadian.HO,PCA,-109.920683415455,-13.9661933068784
293,Russian.HO,PCA,-112.196463444262,17.5199276879913
294,Russian.HO,PCA,-116.259342569539,17.918419663214
295,Russian.HO,PCA,-114.201790820579,13.9143289952249
296,Russian.HO,PCA,-124.90544522363,10.8186217483228
297,Russian.HO,PCA,-111.522116730628,6.52429681296345
298,Russian.HO,PCA,-107.573885604704,9.48199948515851
299,Russian.HO,PCA,-109.695762716849,8.35235457613423
300,Russian.HO,PCA,-111.902021367853,10.0355537309686
301,Russian.HO,PCA,-121.775188436151,15.5738787687418
302,Russian.HO,PCA,-112.377681323597,14.5757582340278
303,Russian.HO,PCA,-122.805178445661,13.6047987706406
304,Russian.HO,PCA,-118.522342770268,19.5371633310572
305,Russian.HO,PCA,-110.321015328977,11.8957958280954
306,Russian.HO,PCA,-118.166537624453,12.4104240829522
307,Russian.HO,PCA,-111.986787005229,19.2814854169701
308,Russian.HO,PCA,-113.791269986219,16.9710295773005
309,Russian.HO,PCA,-113.668122325858,20.3611153226271
310,Russian.HO,PCA,-108.773813024907,14.4653347174027
311,Russian.HO,PCA,-115.677736772606,9.12609433930462
312,Russian.HO,PCA,-111.584171093662,6.59898902616183
313,Russian.HO,PCA,-109.406184534269,13.3800931819691
314,Russian.HO,PCA,-116.966009367178,7.08153917773953
315,Italian_Sardinian.HO,PCA,-29.8944252102572,-85.3014730591243
316,Sardinian.HO,PCA,-32.2058553368415,-84.4281750425388
317,Sardinian.HO,PCA,-31.2193733516714,-89.4857843164503
318,Sardinian.HO,PCA,-39.9302841256098,-87.053539252673
319,Sardinian.HO,PCA,-35.1060610422807,-96.5511824524651
320,Sardinian.HO,PCA,-25.8008331193388,-82.818367388031
321,Sardinian.HO,PCA,-24.0528549532173,-79.6235743487019
322,Sardinian.HO,PCA,-38.3539524556527,-82.8297670999126
323,Sardinian.HO,PCA,-29.5680980750985,-88.4490192839198
324,Sardinian.HO,PCA,-29.4457611465076,-77.2079173040637
325,Sardinian.HO,PCA,-21.1899829985085,-77.50498304879
326,Sardinian.HO,PCA,-32.4646356878388,-74.8035992458818
327,Sardinian.HO,PCA,-30.3473032210733,-84.8780985395141
328,Sardinian.HO,PCA,-28.3531752368457,-85.4571025504706
329,Sardinian.HO,PCA,-35.3045183225862,-97.4558402980122
330,Sardinian.HO,PCA,-33.9486546846306,-68.1900792596266
331,Sardinian.HO,PCA,-34.7635085775748,-94.3210482188198
332,Sardinian.HO,PCA,-42.1090302063616,-103.475650233275
333,Italian_North.HO,PCA,-52.0102226507698,-15.044340479939
334,Italian_North.HO,PCA,-61.7826101108364,-28.0276819512601
335,Italian_North.HO,PCA,-43.8702652610294,-19.7351925258654
336,Italian_North.HO,PCA,-53.4073437203291,-31.2314444547851
337,Italian_North.HO,PCA,-45.9246118400427,-22.8646046728261
338,Italian_North.HO,PCA,-45.2631805915451,-32.9778784095229
339,Italian_North.HO,PCA,-52.4062423142289,-17.2745969774398
340,Italian_North.HO,PCA,-28.6492033807077,-17.4408438866656
341,Italian_North.HO,PCA,-26.8317687120072,-4.74333940022686
342,Italian_North.HO,PCA,-31.5249832260329,-3.20279573878103
343,Italian_North.HO,PCA,-32.1404167999468,-21.0362243073306
344,Italian_North.HO,PCA,-33.4792657802518,-13.5475812509011
345,Italian_North.HO,PCA,-29.5812342241089,-10.9341731354767
346,Italian_North.HO,PCA,-29.7859135093554,-14.0796415213554
347,Italian_North.HO,PCA,-21.9107115515987,-15.6113442081879
348,Italian_North.HO,PCA,-45.4214743534043,-28.7457165836675
349,Italian_North.HO,PCA,-39.1352546997615,-18.8281987764759
350,Italian_North.HO,PCA,-58.4758691188359,-27.7918277415978
351,Italian_North.HO,PCA,-42.2244044178069,-31.0126269965083
352,Italian_North.HO,PCA,-53.0932654800294,-27.854478923099
353,Basque.HO,PCA,-94.5317975153632,-77.3390694531663
354,Basque.HO,PCA,-98.369827718857,-79.9192559963463
355,Basque.HO,PCA,-102.528112236814,-76.544071494957
356,Basque.HO,PCA,-114.605412478376,-87.6465276553651
357,Basque.HO,PCA,-103.324649611188,-76.4646125541563
358,Basque.HO,PCA,-96.2310317237934,-78.7007739941733
359,Basque.HO,PCA,-93.6341201822153,-88.1508794511769
360,Basque.HO,PCA,-99.9198989497508,-94.6370373746144
361,Basque.HO,PCA,-96.8972901398887,-80.0186989228103
362,Basque.HO,PCA,-105.767843669918,-78.3238729185164
363,Basque.HO,PCA,-91.3890296814951,-66.3194678881923
364,Basque.HO,PCA,-101.180371243709,-80.0572066494264
365,Basque.HO,PCA,-97.6608455799498,-58.7115769121829
366,Basque.HO,PCA,-95.3717550957905,-87.0239139908357
367,Basque.HO,PCA,-99.2069433768413,-91.3484062846968
368,Basque.HO,PCA,-97.475738793451,-74.4262361444242
369,Basque.HO,PCA,-99.4927440000661,-70.7320290931232
370,Basque.HO,PCA,-100.460781065738,-74.158174728508
371,Basque.HO,PCA,-103.81188756905,-81.588070435027
372,Basque.HO,PCA,-95.8421381225838,-84.9025494949182
373,Adygei.HO,PCA,4.86096644143102,92.7977501006535
374,Adygei.HO,PCA,7.3015663598286,101.940949614356
375,Adygei.HO,PCA,7.55870593686606,104.347941287734
376,Adygei.HO,PCA,4.57365181270127,100.781004843385
377,Adygei.HO,PCA,11.7699086617954,104.439282585413
378,Adygei.HO,PCA,10.4342842877229,103.007418622255
379,Adygei.HO,PCA,-23.5092564539389,83.3736604168094
380,Adygei.HO,PCA,2.15766703414946,109.707902096522
381,Adygei.HO,PCA,22.3218602947303,115.676728021194
382,Adygei.HO,PCA,15.1044658602564,107.688785450966
383,Adygei.HO,PCA,14.7540970487712,105.680791404115
384,Adygei.HO,PCA,15.7863198224821,139.582264348978
385,Adygei.HO,PCA,-6.4770801890126,131.356010662226
386,Adygei.HO,PCA,6.68634699941014,93.4533323271416
387,Adygei.HO,PCA,17.9553909339002,113.454402692209
388,Armenian.WGA.HO,PCA,67.8902659594767,123.511652186009
389,Armenian.WGA.HO,PCA,65.2289004671259,111.07641021112
390,Armenian.WGA.HO,PCA,68.3644077132955,106.338760458458
391,Georgian.WGA.HO,PCA,48.4128340073475,145.3677428444
392,Georgian.WGA.HO,PCA,67.1144482015006,216.020107376411
393,Assyrian.WGA.HO,PCA,81.9215125251024,113.672693186401
394,Assyrian.WGA.HO,PCA,72.7475324227883,106.57287681749
395,Assyrian.WGA.HO,PCA,71.5862157395045,110.268168025712
396,Assyrian.WGA_outlier.HO,PCA,93.1975841893028,161.235385174962
397,Assyrian.WGA.HO,PCA,81.5590991002649,135.741065528598
398,Greek.WGA.HO,PCA,2.82372573145015,32.4037241642796
399,Greek_outlier.WGA.HO,PCA,3.65212385687741,25.1120330251721
400,Greek.WGA.HO,PCA,8.78751473073312,48.3497321755496
401,Greek_outlier.WGA.HO,PCA,61.0184880474847,96.453533814482
402,Greek.WGA.HO,PCA,-0.14757505097594,85.2199135534156
403,Greek.WGA.HO,PCA,-6.12807020036643,56.0085766067439
404,Greek.WGA.HO,PCA,5.37143889053771,80.5026899486184
405,Greek.WGA.HO,PCA,-4.96766957720525,41.1225079062827
406,Greek.WGA.HO,PCA,-9.07663185459919,55.8317624604725
407,Greek.WGA.HO,PCA,1.7027841736219,72.78391592942
408,Greek.WGA.HO,PCA,24.7356605180977,78.1427116438953
409,Greek.WGA.HO,PCA,-10.7533666429618,64.3827561698162
410,Greek.WGA.HO,PCA,1.708560678588,67.9881722029612
411,Greek.WGA.HO,PCA,-5.41588003904246,52.3655919537859
412,Greek.WGA.HO,PCA,21.0778124887246,74.8050530922591
413,Greek.WGA.HO,PCA,-11.2773917507767,35.7106304798581
414,Greek.WGA.HO,PCA,-8.1523052315225,55.5397057673761
415,Greek.WGA.HO,PCA,-11.6548848231009,36.9837628872092
416,Bulgarian.HO,PCA,-55.4502616889005,3.25314789229784
417,Bulgarian.HO,PCA,-60.1019041150913,-1.32979599280013
418,Hungarian.HO,PCA,-80.4587570819735,-5.40055807200274
419,Lithuanian.HO,PCA,-144.075664340172,-10.0204602279994
420,Iranian.HO,PCA,57.4801545871358,65.6249723183914
421,Iranian.HO,PCA,46.9107865390185,75.3870045555297
422,Syrian.HO,PCA,129.009024391948,19.8115923258243
423,Lebanese.HO,PCA,148.695068498913,3.58306194728458
424,Jordanian.HO,PCA,116.419207762707,0.164222712517615
425,Bulgarian.HO,PCA,-50.9401192426154,3.57114349882785
426,Bulgarian.HO,PCA,-47.282646843701,14.5814374729135
427,Hungarian.HO,PCA,-82.7482208001866,-7.94225055325155
428,Lithuanian.HO,PCA,-127.440557454641,-1.78301925278939
429,Iranian.HO,PCA,50.0961451743639,85.3035563797589
430,Iranian.HO,PCA,59.9530186668241,75.7028456052221
431,Syrian.HO,PCA,56.676858668225,48.39513948344
432,Lebanese.HO,PCA,70.6590873518185,54.4158637171845
433,Saudi.HO,PCA,183.981347204399,-77.1451734464077
434,Jordanian.HO,PCA,110.808088827435,21.1166922924735
435,Bulgarian.HO,PCA,-44.3989654928905,9.500128491632
436,Hungarian.HO,PCA,-91.8379878874338,-1.1343057990922
437,Hungarian.HO,PCA,-92.1832723673992,0.213255604635254
438,Lithuanian.HO,PCA,-143.663343297174,-2.29372236176026
439,Iranian.HO,PCA,69.5825325672937,74.6221273875182
440,Syrian.HO,PCA,86.3371187337916,23.3881999449327
441,Lebanese.HO,PCA,87.5355712795891,19.284738510519
442,Saudi.HO,PCA,144.318681423422,-22.3731750258417
443,Jordanian.HO,PCA,119.837998820532,11.4325420819052
444,Bulgarian.HO,PCA,-48.4246586690678,-0.64224544854754
445,Hungarian.HO,PCA,-87.4155038832403,-6.04626439084017
446,Hungarian.HO,PCA,-89.4344775354028,-7.01913289859791
447,Lithuanian.HO,PCA,-137.137070585106,-10.3449038572986
448,Syrian.HO,PCA,122.268810269737,4.60587291305042
449,Syrian.HO,PCA,90.647351375158,19.0802388632148
450,Lebanese.HO,PCA,72.3703741087887,43.5793878480989
451,Saudi.HO,PCA,86.7334577506041,23.1298462843282
452,Jordanian.HO,PCA,143.193699707562,12.0821378067534
453,Bulgarian.HO,PCA,-37.1056649415477,2.98184679981647
454,Hungarian.HO,PCA,-83.1560526975386,0.0090928085117027
455,Lithuanian.HO,PCA,-138.364655162764,-9.9401697663709
456,Lithuanian.HO,PCA,-130.63353906394,-9.35953318692813
457,Iranian.HO,PCA,53.8494655742978,102.170595826078
458,Syrian.HO,PCA,153.053819337975,27.0230623112935
459,Lebanese.HO,PCA,81.9903115723941,28.0046495911251
460,Saudi.HO,PCA,173.568226195451,-73.4241809628243
461,Jordanian.HO,PCA,130.523386766253,17.417704753362
462,Bulgarian.HO,PCA,-53.6201911195364,7.73751482092927
463,Hungarian.HO,PCA,-92.0312764259388,-9.12832215724443
464,Lithuanian.HO,PCA,-131.015883056525,-8.21566597859512
465,Lithuanian.HO,PCA,-132.553039581027,-2.43422275108911
466,Iranian.HO,PCA,55.7614019737434,83.6445699761274
467,Lebanese.HO,PCA,89.1474732037319,22.0068216957415
468,Saudi.HO,PCA,180.121419104539,-74.5500666254635
469,Saudi.HO,PCA,127.936446959139,9.95328595949491
470,Jordanian.HO,PCA,112.385925828274,-11.2542145108055
471,Bulgarian.HO,PCA,-34.0343113582175,0.0863639314001487
472,Hungarian.HO,PCA,-87.0647162099114,0.533760399621127
473,Lithuanian.HO,PCA,-138.166069095176,-4.7051368226586
474,Iranian.HO,PCA,68.8111150294192,103.330807841068
475,Syrian.HO,PCA,132.895866102855,26.0111141026565
476,Lebanese.HO,PCA,84.4628809641144,20.8599601463214
477,Jordanian.HO,PCA,100.97058670316,37.4104390381176
478,Bulgarian.HO,PCA,-53.4035712698713,4.75797237142365
479,Hungarian.HO,PCA,-67.8064316517998,0.839575218165542
480,Lithuanian.HO,PCA,-129.0381490519,-6.41691083382654
481,Syrian.HO,PCA,134.342702430256,16.9463274826948
482,Lebanese.HO,PCA,134.668358816936,0.799887884079866
483,Saudi.HO,PCA,183.394092255849,-68.9211602513674
484,Jordanian.HO,PCA,117.240853051508,14.7753790044813
485,Jordanian.HO,PCA,125.865608055495,12.7099746049087
486,Balkar.HO,PCA,2.52119174172121,84.8301743717949
487,Balkar.HO,PCA,5.59159624215146,89.7685353208013
488,Georgian.HO,PCA,30.8137899524042,98.0853703423737
489,Chechen.HO,PCA,2.37519657068563,91.459035381783
490,Abkhasian.HO,PCA,28.7172588459318,90.5025998296073
491,Lezgin.HO,PCA,11.0450375944628,91.2715375017103
492,Balkar.HO,PCA,5.71111965678615,82.4565073883005
493,Balkar.HO,PCA,17.159991839972,89.9930711656573
494,Georgian.HO,PCA,37.9563606624762,92.0212021115278
495,Chechen.HO,PCA,7.37554604717769,83.0129531693056
496,Russia_Abkhasian.HO,PCA,35.942498521705,99.7944919935454
497,Abkhasian.HO,PCA,27.2659725602175,106.788889470051
498,Lezgin.HO,PCA,-1.12855685876545,92.6155295451114
499,Kumyk.HO,PCA,14.3463037015908,83.0031021197511
500,Balkar.HO,PCA,6.22371629570004,80.9509661417828
501,Georgian.HO,PCA,35.1517935978531,87.6768077973732
502,Georgian.HO,PCA,40.1702217154911,92.4722979345052
503,Chechen.HO,PCA,-4.79370846703104,80.4640389225597
504,Abkhasian.HO,PCA,36.1531083204439,96.5676553627234
505,Balkar.HO,PCA,6.68458569842425,83.2439599404647
506,Georgian.HO,PCA,40.6730879950362,86.8205651745259
507,Georgian.HO,PCA,43.6737836630135,96.1920626580026
508,Chechen.HO,PCA,6.28365136703768,91.2541982705748
509,Abkhasian.HO,PCA,30.0919312932904,85.0206092252222
510,Lezgin.HO,PCA,-1.70251446566302,91.3538913932061
511,Kumyk.HO,PCA,8.05509272212333,87.2841624800641
512,Balkar.HO,PCA,8.84042716041322,91.403671937132
513,Georgian.HO,PCA,49.6067069654619,112.299701469393
514,Chechen.HO,PCA,11.2717788776419,89.5907788351322
515,Abkhasian.HO,PCA,32.3508401606711,107.354424501622
516,Lezgin.HO,PCA,-0.328656969755551,80.7792129492368
517,Lezgin.HO,PCA,4.72310193094249,83.7939660860319
518,Kumyk.HO,PCA,7.34584313854662,81.3622190027135
519,Balkar.HO,PCA,5.05771522876222,90.3420469089118
520,Georgian.HO,PCA,37.5089211230007,105.486727391784
521,Chechen.HO,PCA,-5.15798802937334,93.308085834156
522,Abkhasian.HO,PCA,34.1843442281364,99.4625393575008
523,Lezgin.HO,PCA,-3.12690489433934,82.706037339941
524,Lezgin.HO,PCA,-3.07612351211021,80.585993795002
525,Kumyk.HO,PCA,-9.38029363111895,84.2404775156817
526,Balkar.HO,PCA,5.36781175926975,92.8988847947813
527,Georgian.HO,PCA,37.4765283403676,93.9968153931576
528,Chechen.HO,PCA,5.65679267531109,84.2762957696132
529,Abkhasian.HO,PCA,44.32382117106,93.3740877364314
530,Lezgin.HO,PCA,7.92515804823555,81.6704270469037
531,Kumyk.HO,PCA,20.6069629889651,66.4086472101133
532,Kumyk.HO,PCA,13.7951772091567,85.1734604613325
533,Balkar.HO,PCA,0.573482819725172,76.1437677477624
534,Georgian.HO,PCA,39.411898745105,96.140086254234
535,Chechen.HO,PCA,3.24118615132413,105.947466582176
536,Chechen.HO,PCA,-1.75328369439302,75.2178555802167
537,Abkhasian.HO,PCA,48.9791284731453,92.8675998891931
538,Lezgin.HO,PCA,3.51856421315637,89.291262389648
539,Kumyk.HO,PCA,-2.25742940355755,81.0615087111101
540,Kumyk.HO,PCA,0.724751613246471,71.4186190586082
541,Belarusian.HO,PCA,-120.42593573397,-1.46032191267453
542,Ukrainian.HO,PCA,-116.707934051321,2.39626608870496
543,Ukrainian.HO,PCA,-92.0603624157405,4.79797600710629
544,Estonian.HO,PCA,-133.402644742836,-4.07410727548162
545,Mordovian.HO,PCA,-109.896284840285,21.850739346579
546,Belarusian.HO,PCA,-119.421394079695,-5.87090142875973
547,Ukrainian.HO,PCA,-107.568094622907,-0.338014015403098
548,Estonian.HO,PCA,-145.391584313367,1.33033488805675
549,Estonian.HO,PCA,-138.982951964448,-5.05258581491778
550,Mordovian.HO,PCA,-113.545056221834,13.6046945930311
551,Belarusian.HO,PCA,-108.864953501223,-0.0988605438319565
552,Ukrainian.HO,PCA,-103.982954409752,7.1236222584263
553,Estonian.HO,PCA,-140.999532726265,-4.41996938038485
554,Estonian.HO,PCA,-139.513693962934,-5.32869500045328
555,Mordovian.HO,PCA,-104.849035065378,29.1817662429107
556,Belarusian.HO,PCA,-120.903224105855,-1.44011988746841
557,Ukrainian.HO,PCA,-109.80635169311,-2.22739437380759
558,Estonian.HO,PCA,-138.857079912299,-3.43430600079614
559,Mordovian.HO,PCA,-107.162909244961,11.5362269567466
560,Mordovian.HO,PCA,-111.075161719197,19.1887659460102
561,Belarusian.HO,PCA,-113.235434321621,2.98633948743931
562,Ukrainian.HO,PCA,-101.98472368849,9.38003696114565
563,Estonian.HO,PCA,-135.348544608232,-4.6670649678243
564,Mordovian.HO,PCA,-112.088584863203,13.478150265627
565,Mordovian.HO,PCA,-104.394139921403,19.6538314376012
566,Belarusian.HO,PCA,-103.091504297041,-2.33873738596031
567,Belarusian.HO,PCA,-109.660839549455,7.89995628875539
568,Estonian.HO,PCA,-129.566770642944,4.85387260978287
569,Mordovian.HO,PCA,-111.298358792854,15.8998271214029
570,Belarusian.HO,PCA,-128.066924442523,-0.598310119287428
571,Belarusian.HO,PCA,-117.610469532612,2.0822726059071
572,Ukrainian.HO,PCA,-99.706832842311,-0.715879289482467
573,Estonian.HO,PCA,-125.441580938159,-6.06846379362061
574,Mordovian.HO,PCA,-115.483964088793,18.5133344809018
575,Belarusian.HO,PCA,-115.433980833861,-0.104969696629154
576,Ukrainian.HO,PCA,-110.336265782517,10.0400925285887
577,Ukrainian.HO,PCA,-101.928363630828,-1.60934355611026
578,Estonian.HO,PCA,-127.768644288032,-2.15854599183312
579,Mordovian.HO,PCA,-116.159016529378,12.9129117444053
580,Saudi.HO,PCA,179.396919346696,-71.7715706461435
581,Hungarian.HO,PCA,-103.585687077524,-21.3325293160738
582,Czech.HO,PCA,-102.501871107166,-10.1446080965094
583,Czech.HO,PCA,-100.877712171249,2.26048303905467
584,Icelandic.HO,PCA,-112.282000622738,-12.3333350542399
585,Greek.HO,PCA,-24.1128517464501,-8.07217531382581
586,Hungarian.HO,PCA,-101.522140709288,-7.69469259774201
587,Czech.HO,PCA,-96.1046127266399,-5.99883693592756
588,Icelandic.HO,PCA,-122.164232735588,-23.2933501716827
589,Icelandic.HO,PCA,-122.357444125189,-18.5365919195951
590,Greek.HO,PCA,50.3516764083481,67.0336563929203
591,Hungarian.HO,PCA,-79.1798646948527,-1.26555723518389
592,Czech.HO,PCA,-99.9924274287269,-12.6506330926092
593,Icelandic.HO,PCA,-110.740991631032,-18.4574153377227
594,Icelandic.HO,PCA,-100.969715019456,-14.8232755320019
595,Greek.HO,PCA,1.90375924249081,15.9021409508434
596,Hungarian.HO,PCA,-92.1370661072172,-7.27519942729205
597,Czech.HO,PCA,-101.256325675456,-12.4371359022926
598,Icelandic.HO,PCA,-107.239500743843,-12.3632052508692
599,Icelandic.HO,PCA,-115.482571078064,-19.0057775611867
600,Greek.HO,PCA,28.8145858919744,21.8912884873022
601,Adygei.HO,PCA,6.56200873145139,93.8651292097501
602,Hungarian.HO,PCA,-85.7627817462655,-7.59226050589422
603,Czech.HO,PCA,-95.0253082719606,-7.35536247944955
604,Icelandic.HO,PCA,-108.105270374913,-11.8631949009393
605,Icelandic.HO,PCA,-112.620038140397,-14.9323606894325
606,Greek.HO,PCA,-32.8710731146268,8.90558388025747
607,Hungarian.HO,PCA,-90.8837535396133,-7.98200744390834
608,Hungarian.HO,PCA,-83.3606779452191,6.28397625909694
609,Czech.HO,PCA,-91.8393815098712,-10.4316565975791
610,Icelandic.HO,PCA,-115.788726725444,-14.8662261736436
611,Hungarian.HO,PCA,-93.0001280817051,-8.5267641454718
612,Hungarian.HO,PCA,-89.0247510253332,-10.7133971104791
613,Czech.HO,PCA,-102.630123029807,-5.82104528399454
614,Icelandic.HO,PCA,-112.495240234223,-9.08751636758221
615,Hungarian.HO,PCA,-85.7026872229352,0.727704841550701
616,Czech.HO,PCA,-104.146661274642,-4.7900900874905
617,Czech.HO,PCA,-106.406634960376,-2.71467829715541
618,Icelandic.HO,PCA,-123.968008150511,-13.6726886967544
619,Greek.HO,PCA,-4.40030598636032,6.90214223978366
620,Scottish.HO,PCA,-110.197369091422,-14.9328563416467
621,Scottish.HO,PCA,-95.889792949851,-6.54430259352371
622,Scottish.HO,PCA,-109.106795312128,-22.7224835719122
623,Scottish.HO,PCA,-107.296296791063,-11.4028930683876
624,English.HO,PCA,-104.553774114667,-24.0884051099272
625,English.HO,PCA,-103.835689445747,-24.5968047351326
626,English.HO,PCA,-92.9205332082874,-15.0889723922152
627,English.HO,PCA,-94.7428126918376,-18.6622740346336
628,English.HO,PCA,-98.8139345725266,-27.2514720764237
629,English.HO,PCA,-101.870264945049,-17.2914869426646
630,English.HO,PCA,-95.7222643038719,-13.6905075904618
631,Spanish.HO,PCA,-44.3057882561692,-41.0583959368346
632,Spanish.HO,PCA,-44.3477565970189,-39.1344809481691
633,Spanish.HO,PCA,-64.7606679190276,-46.154743357312
634,Spanish.HO,PCA,-49.7185505269472,-55.8823101136079
635,Spanish.HO,PCA,-53.1107772170182,-41.0743489387151
636,Spanish.HO,PCA,-57.8486304780296,-39.5293056107012
637,Spanish.HO,PCA,-36.1567989766909,-43.4048335569776
638,Spanish.HO,PCA,-54.60180372377,-40.556188807399
639,Spanish.HO,PCA,-72.7097457561523,-43.1336492006813
640,Spanish.HO,PCA,-70.4818911990186,-46.4767645780646
641,Spanish_North.HO,PCA,-83.7592065712223,-53.2533251630249
642,Spanish_North.HO,PCA,-90.059324839072,-55.9458302208683
643,Spanish_North.HO,PCA,-87.3795391285128,-51.3205941263469
644,Spanish.HO,PCA,-51.1051453580453,-44.9653195058234
645,Spanish.HO,PCA,-35.924006696382,-39.9916940201259
646,Spanish.HO,PCA,-49.0680582224795,-43.6796327989789
647,Spanish.HO,PCA,-53.9592004778213,-35.2158829871898
648,Spanish.HO,PCA,-68.3340281118521,-37.6882162339528
649,Spanish.HO,PCA,-60.2795096358459,-25.8790446610627
650,Spanish.HO,PCA,-61.5067400726947,-38.8736700594578
651,Spanish.HO,PCA,-67.5616283957197,-40.4724894789578
652,Spanish.HO,PCA,-47.61415748537,-32.3395338245203
653,Spanish.HO,PCA,-57.6364152099008,-37.3205857322944
654,Spanish.HO,PCA,-58.7629354011193,-30.884036361803
655,Spanish.HO,PCA,-63.003572403904,-30.540024823347
656,Spanish.HO,PCA,-50.1272027193161,-38.1514088284495
657,Spanish.HO,PCA,-52.4429665344525,-32.8277216579798
658,Spanish.HO,PCA,-45.6120614668034,-37.922141551616
659,Spanish.HO,PCA,-46.0589638010926,-34.5415766346661
660,Spanish.HO,PCA,-46.4648275151936,-43.2166460619753
661,Spanish.HO,PCA,-46.515640859451,-44.9176574056354
662,Spanish.HO,PCA,-57.6502206420706,-34.7609486508295
663,Spanish.HO,PCA,-28.5590653055582,-21.2374034113696
664,Finnish.HO,PCA,-139.6440406758,10.1346154516995
665,Finnish.HO,PCA,-128.868830756313,-9.4571155586523
666,Finnish.HO,PCA,-130.910539017959,-2.57391101277677
667,Finnish.HO,PCA,-121.413123593216,3.13702429104832
668,English.HO,PCA,-96.1842599661669,-9.09083784078472
669,Finnish.HO,PCA,-118.123870573992,18.1455999511767
670,English.HO,PCA,-113.253175997948,-20.4062240569357
671,Finnish.HO,PCA,-133.14160324475,2.30577594584908
672,Finnish.HO,PCA,-127.114840627021,9.57505230870408
673,Spanish.HO,PCA,-59.7834703980763,-38.1510414531524
674,Spanish.HO,PCA,-63.0969724357778,-44.1258037788879
675,Spanish.HO,PCA,-65.0478721077643,-46.3967747043406
676,Spanish.HO,PCA,-64.293982074663,-41.8887677542701
677,Spanish.HO,PCA,-70.0590661076147,-43.7157303624659
678,Spanish_North.HO,PCA,-90.1478581678252,-54.0439695691104
679,Spanish.HO,PCA,-60.5611476581552,-44.6229822896639
680,Spanish_North.HO,PCA,-87.2593679341549,-61.0400728340745
681,Spanish.HO,PCA,-74.6695338089215,-53.1545099472829
682,Spanish.HO,PCA,-65.5596108513148,-40.3667099474428
683,Spanish.HO,PCA,-51.6618656375796,-44.0567948430294
684,Spanish.HO,PCA,-54.5652529790259,-35.5818947455767
685,Spanish.HO,PCA,-42.3977624002503,-35.0016794637877
686,Spanish.HO,PCA,-57.4203621023769,-47.552226290185
687,Spanish.HO,PCA,-34.2903692534482,-35.3389609575457
688,Spanish.HO,PCA,-59.908357191415,-35.1094458906493
689,IBS_CanaryIslands.HO,PCA,-29.1734608570506,-87.5961557021927
690,IBS_CanaryIslands.HO,PCA,-21.7361917410149,-72.7938137602551
691,Spanish.HO,PCA,-63.1601043651207,-43.0719835084791
692,Spanish.HO,PCA,-55.1257434585596,-41.2096923740444
693,Spanish.HO,PCA,-68.8615514144238,-42.2472856563411
694,Spanish.HO,PCA,-63.556294058961,-40.4711156293933
695,Spanish.HO,PCA,-58.7896383853965,-24.2329313786393
696,Spanish.HO,PCA,-55.5676613340038,-51.8163784551231
697,Spanish.HO,PCA,-61.380275860629,-43.8240474810268
698,Spanish.HO,PCA,-43.4503867395447,-42.4336491425099
699,Spanish.HO,PCA,-46.3196124603078,-33.5228179457088
700,English.HO,PCA,-104.07095293405,-13.1834961221061
701,Jew_Libyan.HO,PCA,87.0017743060716,-5.65187843745818
702,Maltese.HO,PCA,13.7862166702914,-1.78499405070197
703,Maltese.HO,PCA,13.7790979629223,-7.56757321405352
704,Croatian.HO,PCA,-78.4770164654133,-7.51038999688641
705,Jew_Ashkenazi.HO,PCA,23.8628126586621,5.85765289522588
706,Jew_Turkish.HO,PCA,38.7125712337859,6.26702940891458
707,Norwegian.HO,PCA,-108.050712268998,-15.7388799670418
708,Norwegian.HO,PCA,-110.193322512396,-14.7569908183076
709,Croatian.HO,PCA,-73.8235104733359,-2.81232076427939
710,Croatian.HO,PCA,-78.0040786101223,3.69701790617169
711,Jew_Tunisian.HO,PCA,76.2517239141642,-2.2400185385002
712,Jew_Turkish.HO,PCA,37.0983004519666,8.23983425013186
713,Sicilian.HO,PCA,2.38817242033856,0.71967758007654
714,Greek.HO,PCA,-30.790013769575,0.721599203341143
715,Jew_Ashkenazi.HO,PCA,13.2955102563435,5.98156076500133
716,Italian_South.HO,PCA,9.45187657754213,8.25575533516076
717,Basque.HO,PCA,-99.7177736881914,-63.0899633868381
718,Sicilian.HO,PCA,2.47030071037792,5.75755793624579
719,Croatian.HO,PCA,-89.6195711102058,-10.0745894304209
720,Norwegian.HO,PCA,-101.802836072843,-10.5085011703175
721,Croatian.HO,PCA,-80.0764305487895,-1.39895047851617
722,Maltese.HO,PCA,27.5729368905404,-10.3322714567947
723,Jew_Turkish.HO,PCA,52.2183722844638,-9.9153462390523
724,Jew_Turkish.HO,PCA,48.257172735135,-5.40095584893431
725,Norwegian.HO,PCA,-107.972550215521,-21.5175129046605
726,Jew_Turkish.HO,PCA,50.0638447982057,9.76272037812099
727,Jew_Yemenite.HO,PCA,152.24671996427,-14.5866748556053
728,Sicilian.HO,PCA,17.6127496338543,-7.05884139507071
729,Turkish.HO,PCA,30.8823345394087,49.004251909381
730,Jew_Yemenite.HO,PCA,173.771147241877,-36.580953177797
731,Sicilian.HO,PCA,16.2428890008539,-3.35900853351906
732,Norwegian.HO,PCA,-109.494322136389,-14.6119749978291
733,Sicilian.HO,PCA,-1.02733434762895,-1.8213032830571
734,Norwegian.HO,PCA,-114.063826484493,-21.297128376623
735,Croatian.HO,PCA,-65.7684377052584,5.076215217135
736,Jew_Iranian.HO,PCA,76.0016398186616,58.7151984832989
737,Norwegian.HO,PCA,-112.357075695487,-17.3076201058649
738,Jew_Turkish.HO,PCA,35.0729628185714,1.92104223163259
739,Greek.HO,PCA,-21.1350107969662,-0.77000130984061
740,Sicilian.HO,PCA,20.1599425032424,-2.94974688350877
741,Basque.HO,PCA,-96.3096945552916,-66.4994635357355
742,Albanian.HO,PCA,-37.6701589511881,9.63817061947162
743,Greek.HO,PCA,-31.4749441133206,10.5619286528513
744,Jew_Turkish.HO,PCA,30.113135868676,11.2820397405199
745,Norwegian.HO,PCA,-115.625283468367,-11.0588059215797
746,Jew_Turkish.HO,PCA,42.7007900874708,-0.376787504409601
747,Greek.HO,PCA,-23.8411588325975,5.40961156327726
748,Jew_Yemenite.HO,PCA,147.088059414772,-7.11712826908048
749,Croatian.HO,PCA,-71.3200870109069,0.171576487110561
750,Norwegian.HO,PCA,-117.196336139223,-15.1807064196111
751,French.HO,PCA,-92.1196179907046,-43.8276692922778
752,Greek.HO,PCA,-32.4959961661712,2.52056134007495
753,Sicilian.HO,PCA,-5.18539772065769,-5.27168173343657
754,Croatian.HO,PCA,-75.7495798749576,-6.15216736522081
755,Sicilian.HO,PCA,6.35098165914571,-1.065093408667
756,Greek.HO,PCA,-15.221966022658,5.33619098164822
757,Jew_Libyan.HO,PCA,74.3799430426662,-0.914759690726514
758,Croatian.HO,PCA,-75.1297128953767,-7.97386132794534
759,Maltese.HO,PCA,20.786685516996,-10.8541208362171
760,French.HO,PCA,-79.9379969727331,-48.4081719508619
761,French.HO,PCA,-87.8448759073094,-48.3553897335573
762,Sicilian.HO,PCA,4.82010516685413,-2.62366715096126
763,Turkish_Balikesir.HO,PCA,14.5681449098524,48.8480707003588
764,Jew_Yemenite.HO,PCA,150.008604837075,-15.8379729252034
765,Sicilian.HO,PCA,8.93803991060595,-0.200778074766593
766,Sicilian.HO,PCA,11.5849033343294,1.36464567236691
767,Norwegian.HO,PCA,-119.952304740026,-8.67977788540201
768,Jew_Iraqi.HO,PCA,81.3383467055799,38.768845508243
769,Cypriot.HO,PCA,48.4518539745404,20.6473228426514
770,Croatian.HO,PCA,-76.8494399067624,1.46720034878188
771,Greek.HO,PCA,-31.5247271580165,4.58758073398764
772,Albanian.HO,PCA,-26.5048949463775,4.56904028172629
773,Turkish.HO,PCA,7.30873735701287,48.7849514379635
774,Basque.HO,PCA,-93.6246332294813,-64.1505711717747
775,Greek.HO,PCA,-20.0132927967891,3.31532103755586
776,Jew_Libyan.HO,PCA,71.3356652542516,1.14602778071754
777,Turkish_Balikesir.HO,PCA,17.022976978064,68.1130138161556
778,Norwegian.HO,PCA,-112.26736397924,-17.4125562954679
779,French.HO,PCA,-78.6302159527731,-58.2903774920935
780,Basque.HO,PCA,-96.9143284972362,-65.1115627011961
781,Basque.HO,PCA,-90.0724605004294,-65.0086282419108
782,Greek.HO,PCA,-28.3966592987207,10.0022897915588
783,Greek.HO,PCA,-20.3672748767812,9.26722364009552
784,Maltese.HO,PCA,33.0261964328351,9.56351022624325
785,Greek.HO,PCA,-34.1290873438993,-1.37952446603885
786,Maltese.HO,PCA,31.5450113845948,-9.55843138264485
787,Greek.HO,PCA,-33.9808881078938,3.0479338004233
788,Jew_Iranian.HO,PCA,78.6535890505952,51.3967496207457
789,Jew_Moroccan.HO,PCA,48.9661589911064,-9.71252372404846
790,Turkish.HO,PCA,-8.43186531931454,32.8857689879416
791,Jew_Libyan.HO,PCA,66.5950934808205,-7.04778131950843
792,Cypriot.HO,PCA,51.5454803714131,25.407318372149
793,French.HO,PCA,-86.4826835029609,-50.4814093503357
794,Cypriot.HO,PCA,29.3864000580191,17.8954288987664
795,Jew_Tunisian.HO,PCA,81.0451330277788,-13.8861738686991
796,Maltese.HO,PCA,15.704345596852,-3.70528329501352
797,Jew_Moroccan.HO,PCA,54.0167511509025,-1.35991375934722
798,Jew_Libyan.HO,PCA,79.3401566445039,-12.1669429454537
799,Turkish.HO,PCA,38.3875920492645,59.8786399122144
800,Basque.HO,PCA,-94.4229584003187,-79.0007524048703
801,Cypriot.HO,PCA,50.9109445766956,15.9995430045852
802,Jew_Yemenite.HO,PCA,166.059393766889,-32.7096767583475
803,Jew_Tunisian.HO,PCA,91.3642723296178,-7.1397580772583
804,Jew_Iraqi.HO,PCA,85.0617522933651,47.8935195163351
805,Jew_Tunisian.HO,PCA,66.0526342467931,-0.781713422957172
806,Jew_Ashkenazi.HO,PCA,7.98014855338746,4.94916141102567
807,Turkish.HO,PCA,16.2660212401399,45.133605043504
808,Jew_Ashkenazi.HO,PCA,17.6936269104673,5.2848053533985
809,Jew_Moroccan.HO,PCA,52.2888923476038,1.51119427959158
810,Jew_Iranian.HO,PCA,80.2354649638891,53.6941944788672
811,Jew_Moroccan.HO,PCA,54.6310834355285,-1.31034048858797
812,Jew_Iranian.HO,PCA,78.6690549090447,50.3188708716696
813,Jew_Ashkenazi.HO,PCA,8.81953426002846,5.53821255411518
814,Albanian.HO,PCA,-30.2926747637736,8.05877652588178
815,Jew_Yemenite.HO,PCA,150.664619909117,-23.8495071668494
816,Greek.HO,PCA,-17.6210373088879,12.9855333040521
817,French.HO,PCA,-78.5371123513205,-45.6188314977827
818,Jew_Ashkenazi.HO,PCA,11.2510496285998,-10.6141896199766
819,Cypriot.HO,PCA,48.2675395882966,21.2698229892115
820,Jew_Georgian.HO,PCA,62.170836142012,62.5893409215536
821,Jew_Georgian.HO,PCA,61.6578829948594,55.8486588239738
822,Cypriot.HO,PCA,82.8303005678723,22.4662137834632
823,Turkish.HO,PCA,42.1838519100028,56.1088838654914
824,Greek.HO,PCA,-21.0744242309823,2.78433978846296
825,Jew_Iranian.HO,PCA,74.9917381075105,44.7617125067536
826,Jew_Tunisian.HO,PCA,71.0691338042026,-11.305341118324
827,Jew_Tunisian.HO,PCA,72.4215876722869,-8.62869171774601
828,French.HO,PCA,-86.2231627059496,-52.9564681846463
829,Turkish.HO,PCA,54.8193491803742,64.7291267568289
830,Jew_Georgian.HO,PCA,56.1155543548969,49.0835845442323
831,Basque.HO,PCA,-95.450965006527,-61.5921329133309
832,Turkish.HO,PCA,21.0743837931701,47.6272903013384
833,Jew_Iraqi.HO,PCA,82.9886889886121,44.6547667259492
834,Turkish.HO,PCA,20.1091365960825,63.0478897499801
835,Turkish.HO,PCA,55.8155742949258,67.9976558216067
836,Jew_Libyan.HO,PCA,70.2882206838312,-10.3719830284553
837,Jew_Iranian.HO,PCA,58.6093543345975,60.9695370214478
838,Jew_Georgian.HO,PCA,56.9522207612413,50.8375765715434
839,Jew_Georgian.HO,PCA,63.1286585717108,57.8022615169463
840,Jew_Moroccan.HO,PCA,59.9016233613215,-7.60582806531464
841,Albanian.HO,PCA,-28.4194998284523,-4.43115983102481
842,Jew_Iraqi.HO,PCA,83.9664306391151,52.2321984586077
843,Jew_Yemenite.HO,PCA,168.677097791588,-26.1854619564095
844,Albanian.HO,PCA,-16.3168343758254,3.01067849157939
845,Cypriot.HO,PCA,47.5620516290487,9.45709079534684
846,Jew_Yemenite.HO,PCA,160.541080873914,-7.75959132083536
847,Maltese.HO,PCA,22.9763227010796,-14.1624502010392
848,Turkish.HO,PCA,47.3314782497597,56.578642770894
849,Jew_Libyan.HO,PCA,75.2691101170349,-7.41928822894816
850,Basque.HO,PCA,-94.6709034094364,-58.8985170928723
851,Cypriot.HO,PCA,66.977451707947,23.8482284240908
852,Jew_Tunisian.HO,PCA,72.3560271626374,-11.0623469555775
853,Turkish.HO,PCA,30.3136237462629,60.4081441071725
854,Turkish.HO,PCA,38.8501171563354,52.9032384329389
855,Jew_Iraqi.HO,PCA,90.6212483733422,49.9821821987161
856,Albanian.HO,PCA,-33.849130374116,-1.00158247529485
857,Turkish.HO,PCA,78.4682094350389,32.4605853519129
858,Jew_Iranian.HO,PCA,83.8584303308204,49.174672738041
859,Jew_Moroccan.HO,PCA,51.0742646055007,-5.52217379848528
860,Turkish_Balikesir.HO,PCA,13.3260883513444,53.125761107055
861,Jew_Iranian.HO,PCA,73.3593050836168,51.0390681629101
862,Jew_Georgian.HO,PCA,70.0083630387478,58.3241067405885
863,Basque.HO,PCA,-88.4632877643505,-62.9154318274799
864,Jew_Georgian.HO,PCA,62.8356293762987,61.1142616354162
865,Jew_Libyan.HO,PCA,80.2567882973048,-7.92183438338555
866,Jew_Libyan.HO,PCA,81.2564213121513,-10.5800231980023
867,Turkish.HO,PCA,32.9326062391351,56.5685086317512
868,Turkish_Balikesir.HO,PCA,20.4039653094644,70.5509539011322
869,Turkish.HO,PCA,-39.5435167793914,22.7345855821316
870,Turkish.HO,PCA,29.6869649341171,58.2083124791897
871,Turkish.HO,PCA,26.7726143210003,49.6825336068976
872,Turkish.HO,PCA,12.5789069208774,50.2593272662553
873,Turkish.HO,PCA,16.5902318146532,63.9458908065665
874,Turkish.HO,PCA,32.921370313251,70.1852083099966
875,Jew_Iraqi.HO,PCA,83.4053952178537,44.0575587676836
876,Turkish.HO,PCA,-10.5422576728421,23.2365405171797
877,Turkish.HO,PCA,72.7176212994132,28.9130008318693
878,Jew_Ashkenazi.HO,PCA,14.2499857145634,4.69034689288176
879,Turkish.HO,PCA,44.6385786186916,78.0920717933496
880,Turkish.HO,PCA,43.8105039397249,71.8794067414085
881,Turkish.HO,PCA,25.5679686229053,53.881685896457
882,Turkish.HO,PCA,49.5951722542581,72.9208352765304
883,Turkish.HO,PCA,41.7516920970833,73.0259092009482
884,Turkish.HO,PCA,34.1834563690784,62.5009668920607
885,Jew_Iranian.HO,PCA,83.6250997644498,51.9548332643948
886,Turkish.HO,PCA,40.8390444269779,67.8432063429499
887,Turkish.HO,PCA,9.03743246260504,48.1950834876399
888,Turkish.HO,PCA,41.0161932717254,56.2268718389416
889,Turkish.HO,PCA,20.5713141495805,55.1167359417366
890,Turkish.HO,PCA,-43.9950324265323,6.5577261197771
891,Turkish.HO,PCA,47.690282904427,49.6581716818586
892,Turkish.HO,PCA,39.6592913462323,57.6831917936047
893,Turkish.HO,PCA,39.7852385245569,54.7203352884324
894,Turkish.HO,PCA,42.2864468975673,59.0731232414166
895,Turkish.HO,PCA,48.860271008016,70.6867838474498
896,Turkish.HO,PCA,13.1692327979328,44.7883720498141
897,Turkish.HO,PCA,39.8645714552614,55.4952117748257
898,Turkish.HO,PCA,39.3786378821339,67.8260031210688
899,Turkish.HO,PCA,54.323371174399,33.4399145828775
900,Turkish.HO,PCA,26.8832597849613,76.4257510392024
901,Turkish_Balikesir.HO,PCA,12.852088680536,62.2330622342365
902,Turkish.HO,PCA,13.5622915128513,58.7510533863237
903,Turkish.HO,PCA,48.4745729308986,53.329809415931
904,Turkish.HO,PCA,31.7498913475059,67.1381426750787
905,Turkish.HO,PCA,50.4276985252787,69.3550318509126
906,Turkish.HO,PCA,38.2743492729604,56.6856007523307
907,Turkish.HO,PCA,35.4577556770795,48.4795260743121
908,Lebanese_Christian.HO,PCA,81.2098580309379,20.5601442048278
909,Lebanese_Christian.HO,PCA,80.7466998799538,18.1415903269031
910,Lebanese_Muslim.HO,PCA,101.562367931704,23.1982034304616
911,Lebanese_Muslim.HO,PCA,90.7919044821292,25.5622521233179
912,Lebanese_Christian.HO,PCA,74.5017256928052,29.9557398896828
913,Lebanese_Christian.HO,PCA,75.0240737769733,26.1525567093366
914,Lebanese_Christian.HO,PCA,77.6549012524815,27.8923837561249
915,Lebanese_Muslim.HO,PCA,72.1053840215833,23.0524448416949
916,Lebanese_Muslim.HO,PCA,76.6267571820822,39.617776379908
917,Lebanese_Muslim.HO,PCA,76.8095830168603,21.9579270872204
918,Lebanese_Muslim.HO,PCA,83.0305308126503,35.019308463192
919,Lebanese_Christian.HO,PCA,72.7605635610839,17.3221429986738
920,Lebanese_Muslim.HO,PCA,103.520002648067,9.3807215082931
921,Lebanese_Christian.HO,PCA,83.078375123013,23.2921528186556
922,Lebanese_Muslim.HO,PCA,75.3682570210216,14.8393896726406
923,Lebanese_Christian.HO,PCA,86.3118558376653,21.3101372528479
924,Lebanese_Muslim.HO,PCA,90.6836978707647,32.9431357602507
925,Lebanese_Christian.HO,PCA,80.561290177484,28.1029739890601
926,Lebanese_Muslim.HO,PCA,90.7560191345963,29.3929932777662
927,Lebanese_Muslim.HO,PCA,91.822424603889,28.3751074978401
928,French.HO,PCA,-109.845130685144,-21.8455379355553
929,French.HO,PCA,-86.8596569833764,-26.5086605646054
930,French.HO,PCA,-48.1956786868088,-9.07048921100147
931,French.HO,PCA,-93.1532179567661,-24.2395185863242
932,French.HO,PCA,-101.203282980637,-22.7472928843945
933,French.HO,PCA,-94.554888322731,-25.7021881185798
934,French.HO,PCA,-88.6653317165163,-12.8716343814912
935,French.HO,PCA,-74.0388659618768,-22.2344850883136
936,French.HO,PCA,-111.493229230653,-27.2182413676494
937,French.HO,PCA,-90.9801757427081,-19.3928492341552
938,French.HO,PCA,-84.1162215285615,-26.2208914543528
939,French.HO,PCA,-78.895885368469,-14.8133940183405
940,French.HO,PCA,-106.396059641403,-14.0783596307703
941,French.HO,PCA,-101.251802658277,-33.9904721842737
942,French.HO,PCA,-101.361477822697,-26.0135762610014
943,French.HO,PCA,-74.3500747437409,-25.3921478756616
944,French.HO,PCA,-73.9920617638024,-37.2309674314901
945,French.HO,PCA,-78.5883686528291,-23.066046621251
946,French.HO,PCA,-84.4344185585164,-25.289999393617
947,French.HO,PCA,-106.843021840882,-24.4349004780162
948,French.HO,PCA,-103.179484690041,-23.3048851363731
949,French.HO,PCA,-105.675307327889,-30.5193522884819
950,French.HO,PCA,-85.0668598993675,-22.2373456483552
951,French.HO,PCA,-82.7271730068878,-29.9911663712647
952,French.HO,PCA,-90.4184676966847,-14.462797857815
953,French.HO,PCA,-74.9849378320283,-15.9289335602856
954,French.HO,PCA,-84.4942842045532,-17.2876313089271
955,French.HO,PCA,-85.4882820545435,-22.4499415529011
956,French.HO,PCA,-84.6224666238469,-28.0138185399952
957,Iranian_Bandari.HO,PCA,85.712356323977,98.0557902208407
958,Iranian_Bandari.HO,PCA,181.410122417388,69.5389185507391
959,Iranian_Bandari.HO,PCA,80.0352939950225,92.953195083915
960,Iranian_Bandari.HO,PCA,75.8243135928239,104.661713812292
961,Iranian_Bandari.HO,PCA,69.6181148267864,103.309439135215
962,Iranian_Bandari.HO,PCA,132.71973443159,104.195821946531
963,Iranian_Bandari.HO,PCA,71.7584131543427,93.3310887675564
964,Iranian_Bandari.HO,PCA,97.0681113281201,101.884008744363
965,Iranian.HO,PCA,61.2066477037755,100.917581270775
966,Iranian.HO,PCA,54.6855016258631,84.5087913157037
967,Iranian.HO,PCA,49.5069723143454,93.2810861848499
968,Iranian.HO,PCA,56.603361213715,97.7374083360474
969,Iranian.HO,PCA,58.3965263171954,101.016480984199
970,Iranian.HO,PCA,57.6082502457268,98.0987356534572
971,Iranian.HO,PCA,62.6001182868368,88.7904829751447
972,Iranian.HO,PCA,57.4699366630788,103.808731920101
973,Iranian.HO,PCA,59.400824087446,98.8571234348161
974,Iranian.HO,PCA,59.0171815508645,103.035938556622
975,Italian_South.HO,PCA,14.8507423267392,5.15139192278198
976,Italian_South.HO,PCA,5.54961965186009,-4.70239353593753
977,Italian_South.HO,PCA,7.65897991738134,2.40409820734387
978,Iranian.HO,PCA,59.8589573541908,70.7938216142518
979,Iranian.HO,PCA,58.3091679769208,73.8321704284608
980,Iranian.HO,PCA,59.7425319517608,73.6498963266133
981,Iranian.HO,PCA,71.8871020681061,80.0900410908475
982,Iranian.HO,PCA,61.5979160858436,81.0427545874324
983,Iranian.HO,PCA,47.2468604884379,75.5175217515641
984,Iranian.HO,PCA,65.4753596264743,74.9765244295335
985,Iranian.HO,PCA,67.8458628680977,70.759520861011
986,Iranian.HO,PCA,52.9769936425696,77.7514751475669
987,Iranian.HO,PCA,57.6129092464627,80.27015824196
988,Iranian.HO,PCA,65.6600143457812,77.1004079657684
989,Iranian.HO,PCA,66.0715721386606,77.2068619104893
990,Iranian.HO,PCA,67.8871414826579,84.9431228261841
991,Iranian.HO,PCA,65.6377615591573,79.5818228989163
992,Iranian.HO,PCA,61.0540699912423,71.9497930283505
993,Iranian.HO,PCA,57.9556599783347,74.0094799583775
994,Iranian.HO,PCA,56.2107264220337,77.8628905612381
995,Iranian.HO,PCA,77.2751020554042,81.4131954670833
996,Iranian.HO,PCA,74.0136960508875,75.4195755482136
997,Iranian.HO,PCA,53.3754504920291,85.6502655639958
998,Romanian.HO,PCA,-78.060588858184,-0.817370753790357
999,Romanian.HO,PCA,-57.057666165283,2.52920612745994
1000,Romanian.HO,PCA,-56.2401831650186,-0.219564211921208
1001,Romanian.HO,PCA,-62.7050558721749,1.93815427668388
1002,Romanian.HO,PCA,-64.4275161963431,-1.23108091265361
1003,Assyrian.HO,PCA,71.9843504412276,58.9326956808149
1004,Assyrian.HO,PCA,62.7646659123957,65.4662340662911
1005,Assyrian.HO,PCA,60.2768917781788,57.3072903435321
1006,Assyrian.HO,PCA,69.3994962459544,47.5627789259276
1007,Assyrian.HO,PCA,76.7806413812093,51.287650786678
1008,Assyrian.HO,PCA,62.3522582711556,68.6387187674728
1009,Assyrian.HO,PCA,66.591324652613,62.2735002383199
1010,Assyrian.HO,PCA,71.8074319505478,55.4429567903631
1011,Assyrian.HO,PCA,63.7920369465739,56.2441193023891
1012,Assyrian.HO,PCA,67.8091274782483,42.9308685472572
1013,Assyrian.HO,PCA,64.5721373122389,63.5463511152435
1014,Romanian.HO,PCA,-54.4504191897553,0.312158360757519
1015,Romanian.HO,PCA,-55.6710866166521,-6.49697256956739
1016,Romanian.HO,PCA,-56.3879081352298,-1.5507917460717
1017,Romanian.HO,PCA,-56.9809528181253,3.8307245739199
1018,Romanian.HO,PCA,-56.2109153385573,-0.966633883491795
1019,Spanish.HO,PCA,-60.0863699848562,-38.4354058246051
1020,Spanish.HO,PCA,-61.1929540824897,-40.372705937536
1021,Spanish.HO,PCA,-47.6086866297573,-33.118615389935
1022,Spanish.HO,PCA,-48.1684064444622,-40.1004774711435
1023,Spanish.HO,PCA,-50.4859461850374,-39.327201297951
1024,Spanish.HO,PCA,-59.0822225341146,-22.0306381200462
1025,Spanish.HO,PCA,-49.9409474808111,-27.2559983420743
1026,Spanish.HO,PCA,-56.0487879058891,-36.4188996508609
1027,Spanish.HO,PCA,-54.4727174292879,-44.8256243972992
1028,Spanish.HO,PCA,-63.4580320243033,-41.2229688109774
1029,Spanish.HO,PCA,-62.7715661794428,-24.0877674748272
1030,Spanish.HO,PCA,-63.8083259803059,-32.3276586599814
1031,Spanish.HO,PCA,-55.0763241097573,-33.2440503826789
1032,Spanish.HO,PCA,-59.1629278039235,-37.6111100215831
1033,Spanish.HO,PCA,-53.6934615154979,-27.1617696907121
1034,Spanish.HO,PCA,-58.4910385383412,-31.2763483578734
1035,Spanish.HO,PCA,-67.4606838241571,-29.7801007755964
1036,Spanish.HO,PCA,-49.9748339513203,-27.166942169163
1037,Spanish.HO,PCA,-62.0771111321583,-41.8002994092984
1038,Spanish.HO,PCA,-63.3874332410077,-31.1075359467265
1039,Spanish.HO,PCA,-71.1386358896766,-31.8443370682683
1040,Spanish.HO,PCA,-63.8472502596417,-50.0054174477205
1041,Spanish.HO,PCA,-43.9477547834841,-35.6198492974931
1042,Spanish.HO,PCA,-50.1726518869086,-27.514957144331
1043,Spanish.HO,PCA,-53.6383559917587,-29.2542850275845
1044,Spanish.HO,PCA,-65.1062977429405,-31.9230483590606
1045,Spanish.HO,PCA,-67.4091511648789,-41.1726084697993
1046,Spanish.HO,PCA,-61.5774943253233,-35.948661046525
1047,Spanish.HO,PCA,-64.4525970686303,-28.9500290199481
1048,Spanish.HO,PCA,-60.8481352686639,-37.3485888038763
1049,Spanish.HO,PCA,-54.6648384657981,-39.0206267424029
1050,Spanish.HO,PCA,-59.1715484377847,-29.2759219403548
1051,Spanish.HO,PCA,-56.5825884048879,-42.4304317932723
1052,Spanish.HO,PCA,-48.4643297695611,-35.3917590221128
1053,Spanish.HO,PCA,-68.9194388766933,-44.2326698080301
1054,Spanish.HO,PCA,-58.5558426046469,-33.367242392399
1055,Spanish.HO,PCA,-54.8557502567729,-39.7859032182727
1056,Spanish.HO,PCA,-42.4873280976866,-37.929751593407
1057,Spanish.HO,PCA,-51.8284609707205,-37.7255863467333
1058,Spanish.HO,PCA,-68.1363632322255,-43.1441744848726
1059,Spanish.HO,PCA,-61.5855659571921,-36.3815647628927
1060,Spanish.HO,PCA,-56.0102094760847,-34.4059216971707
1061,Spanish.HO,PCA,-46.580212196554,-28.9927862646604
1062,Spanish.HO,PCA,-60.9460243326848,-40.5675271326601
1063,Spanish.HO,PCA,-55.9561496675324,-36.5460878228185
1064,Spanish.HO,PCA,-60.0060229245844,-37.8711487204929
1065,Spanish.HO,PCA,-64.3720990546991,-26.5942635804191
1066,Spanish.HO,PCA,-69.1200550904612,-36.4420721940653
1067,Spanish.HO,PCA,-54.3705484549926,-34.0303593600281
1068,Spanish.HO,PCA,-60.4510096497756,-30.9806789873268
1069,Spanish.HO,PCA,-44.1746846805137,-29.9538702523357
1070,Spanish.HO,PCA,-51.468319975473,-34.4982581356481
1071,Spanish.HO,PCA,-60.1375712639737,-28.1762784609023
1072,Spanish.HO,PCA,-53.1468866424375,-28.537613681781
1073,Spanish.HO,PCA,-59.0178910900981,-31.3153630263869
1074,Spanish.HO,PCA,-59.8752520891935,-37.0628876806437
1075,Spanish.HO,PCA,-56.2552274372722,-28.5244690316052
1076,Spanish.HO,PCA,-47.9292689571832,-27.9866235448668
1077,Spanish.HO,PCA,-62.6018119756414,-32.0242257757776
1078,Spanish.HO,PCA,-49.5649410514898,-29.0384361062322
1079,Spanish.HO,PCA,-61.5971568809294,-39.7177678455276
1080,Spanish.HO,PCA,-63.826260342941,-26.4266915976481
1081,Spanish.HO,PCA,-46.9213504851144,-35.9585124954383
1082,Spanish.HO,PCA,-57.1846792637937,-31.5777424182852
1083,Spanish.HO,PCA,-51.3805514048697,-32.090704592784
1084,Spanish.HO,PCA,-65.885678114773,-17.5645850301651
1085,Spanish.HO,PCA,-59.1198610850856,-25.4053362364761
1086,Spanish.HO,PCA,-66.2765683796283,-29.3223587729062
1087,Spanish.HO,PCA,-64.2334722385421,-27.9888982445447
1088,Spanish.HO,PCA,-67.1887218015806,-32.8739832477777
1089,Spanish.HO,PCA,-52.3174051268474,-39.7413231811384
1090,Spanish.HO,PCA,-51.9307454848814,-34.020520530728
1091,Spanish.HO,PCA,-59.4110418097474,-29.713948706334
1092,Spanish.HO,PCA,-53.3798452510778,-40.3186789141975
1093,Spanish.HO,PCA,-65.7900873801263,-37.6313424022396
1094,Spanish.HO,PCA,-65.086846512586,-34.0844839175204
1095,Spanish.HO,PCA,-56.4721388500648,-29.8477960125086
1096,Spanish.HO,PCA,-55.3976735402662,-15.9306414456446
1097,Spanish.HO,PCA,-58.7068814919852,-28.0238877669911
1098,Spanish.HO,PCA,-60.391063024932,-31.2635745564823
1099,Spanish.HO,PCA,-55.1517089802068,-32.2301166385201
1100,Spanish.HO,PCA,-62.9022778540337,-32.7145133653059
1101,Spanish.HO,PCA,-49.7661890303717,-29.8385499919867
1102,Spanish_Lleida.HO,PCA,-65.586096710096,-41.3087648845162
1103,Spanish.HO,PCA,-58.1842017794565,-39.308207155951
1104,Spanish.HO,PCA,-62.7411623570551,-33.0362543174886
1105,Spanish.HO,PCA,-49.3521389608772,-29.7530974137565
1106,Spanish.HO,PCA,-63.1104740573675,-33.8936660878924
1107,Spanish.HO,PCA,-54.2962408246074,-29.4110117733389
1108,Spanish.HO,PCA,-54.4333800333073,-38.5436382259947
1109,Spanish.HO,PCA,-67.6073478486713,-34.9697818932662
1110,Spanish.HO,PCA,-61.2651244975853,-40.9395508827278
1111,Spanish.HO,PCA,-63.4624599446775,-29.7356984209203
1112,Spanish.HO,PCA,-63.8409644877278,-29.1583008109943
1113,Spanish.HO,PCA,-64.9695278507731,-31.0094936345636
1114,Spanish.HO,PCA,-65.7959907987875,-34.7441077363038
1115,Spanish.HO,PCA,-52.1631894089305,-25.6929462152938
1116,Spanish.HO,PCA,-48.7230783983869,-40.5338601905005
1117,Spanish.HO,PCA,-57.777362437907,-30.6720409110487
1118,Spanish.HO,PCA,-54.8981391765188,-33.4896587290801
1119,Spanish.HO,PCA,-54.1859965699118,-32.5627663283217
1120,Spanish.HO,PCA,-67.7677094627166,-31.9224032779579
1121,Spanish.HO,PCA,-51.4525917119298,-37.2536051581495
1122,Spanish.HO,PCA,-65.3559551108868,-41.0747199576553
1123,Spanish.HO,PCA,-59.6357760725579,-29.4881755095205
1124,Spanish.HO,PCA,-68.5425384099699,-34.6427204762232
1125,Spanish.HO,PCA,-74.9349437026431,-31.7528532775813
1126,Spanish.HO,PCA,-69.9351812375348,-35.0585843182292
1127,Spanish.HO,PCA,-64.9062943292557,-28.9607024344584
1128,Spanish.HO,PCA,-65.7698186465821,-35.489773646475
1129,Spanish.HO,PCA,-63.8610365981508,-37.8672588429615
1130,Spanish.HO,PCA,-55.9139971772581,-36.1224369125721
1131,Spanish.HO,PCA,-50.6287013557227,-26.6657339429546
1132,Spanish.HO,PCA,-51.9473116718752,-40.0121663105472
1133,Spanish.HO,PCA,-42.8619304840889,-28.3335058955886
1134,Spanish.HO,PCA,-52.9991216599178,-29.9034068699764
1135,Spanish.HO,PCA,-51.3994312871238,-44.4134201154265
1136,Spanish.HO,PCA,-58.5553726787593,-35.0713042351624
1137,Spanish.HO,PCA,-52.785220457142,-36.8460986887688
1138,Spanish.HO,PCA,-57.2714542659117,-44.5655071110787
1139,Adygei_o.DG,PCA,-22.5413173510599,82.7270667519972
1140,Adygei.DG,PCA,13.2621646576335,140.237038261599
1141,Adygei.DG,PCA,-5.3904802008302,129.503972895788
1142,Adygei.DG,PCA,5.05752493469665,103.438936650445
1143,Adygei.DG,PCA,8.0608767893297,102.711896398256
1144,Adygei.DG,PCA,5.01875780561266,99.2691523560918
1145,Adygei.DG,PCA,9.59964255426671,106.371735950261
1146,Adygei.DG,PCA,8.63835236010955,104.984309447566
1147,Adygei.DG,PCA,2.88660406003381,108.506896001147
1148,Adygei.DG,PCA,19.8687639102743,117.22747546588
1149,Adygei.DG,PCA,12.8434630244147,109.742959829132
1150,Adygei.DG,PCA,12.277060910346,107.175560880426
1151,Adygei.DG,PCA,13.9172482988235,141.935274130152
1152,Adygei.DG,PCA,-5.56134449782441,130.645853125348
1153,Adygei.DG,PCA,6.90666603221401,92.7953548894512
1154,Adygei.DG,PCA,17.2485572900258,110.847613103119
1155,Armenian.DG,PCA,53.3790660213035,61.5856936915206
1156,Armenian.DG,PCA,64.9030641853365,61.8368049979493
1157,Basque.DG,PCA,-91.4462852530489,-87.0121570916712
1158,Basque.DG,PCA,-100.823448411245,-90.8493092536744
1159,Basque.DG,PCA,-92.3041819669269,-76.6136257141371
1160,Basque.DG,PCA,-97.8041679113708,-80.6590420972539
1161,Basque.DG,PCA,-103.635836573608,-74.6949656661674
1162,Basque.DG,PCA,-115.011532349323,-87.6779588762286
1163,Basque.DG,PCA,-93.1388926098091,-69.8434205845
1164,Basque.DG,PCA,-101.045564685907,-75.0857362647145
1165,Basque.DG,PCA,-98.2941573604231,-75.2991097547418
1166,Basque.DG,PCA,-92.3444949968569,-87.3514090345873
1167,Basque.DG,PCA,-101.738214117808,-91.5364450452685
1168,Basque.DG,PCA,-98.9901630975359,-77.3967823344261
1169,Basque.DG,PCA,-106.798707856327,-75.1358252232423
1170,Basque.DG,PCA,-93.2279466189738,-63.440541175564
1171,Basque.DG,PCA,-99.898649040274,-79.2564635556534
1172,Basque.DG,PCA,-99.4119074304607,-83.0236807968962
1173,Basque.DG,PCA,-97.8473173269057,-90.7562707529688
1174,Basque.DG,PCA,-96.1297821587918,-73.9926051983469
1175,Basque.DG,PCA,-93.231689889777,-65.0414910706827
1176,Basque.DG,PCA,-99.2926425699848,-69.5650554403831
1177,Basque.DG,PCA,-98.8230424584786,-73.0549312748332
1178,Basque.DG,PCA,-105.446419875264,-80.1433776341846
1179,Basque.DG,PCA,-97.3979073729738,-81.4762072620533
1180,BedouinA.DG,PCA,176.166843112766,-35.0611553751471
1181,BedouinA.DG,PCA,215.361954871785,-59.8374333825301
1182,BedouinA.DG,PCA,145.580412641271,7.24337720440453
1183,BedouinA.DG,PCA,175.002651902527,-11.4499536090818
1184,BedouinA.DG,PCA,162.074730285146,-14.4583211342386
1185,BedouinA.DG,PCA,154.590816164624,-8.33222026436772
1186,BedouinA.DG,PCA,206.427634080916,-34.2454104110857
1187,BedouinA.DG,PCA,172.860746269643,-39.4447063591565
1188,BedouinA.DG,PCA,154.648699135108,-48.6589186508769
1189,BedouinA.DG,PCA,163.245303911616,-24.2990718041426
1190,BedouinA.DG,PCA,164.49503565071,-30.2769859044804
1191,BedouinA.DG,PCA,167.069928269169,-32.3800301931146
1192,BedouinA.DG,PCA,198.914962481686,-47.8238168223962
1193,BedouinA.DG,PCA,197.194381265536,-51.8140746795013
1194,BedouinA.DG,PCA,168.957788643996,-16.6909288282202
1195,BedouinA.DG,PCA,182.738067190058,-17.0793525167993
1196,BedouinA.DG,PCA,202.771748184886,-65.3759335340603
1197,BedouinA.DG,PCA,172.465773957703,-95.3258405816394
1198,BedouinA.DG,PCA,202.74580220802,-53.3870327533415
1199,BedouinA.DG,PCA,170.33794467278,-24.3696915103289
1200,BedouinA.DG,PCA,144.352482850568,-1.64564311909823
1201,BedouinA.DG,PCA,168.425447138009,-1.8154821239201
1202,BedouinA.DG,PCA,230.366841378723,-72.1832937902558
1203,BedouinA.DG,PCA,161.218296612812,-26.2855576001541
1204,BedouinA.DG,PCA,122.127105638543,14.2751972118145
1205,BedouinB.DG,PCA,254.21293718833,-360.103096559367
1206,BedouinB.DG,PCA,233.387891798158,-290.77722150895
1207,BedouinB.DG,PCA,243.083598419358,-214.397460661921
1208,BedouinB.DG,PCA,199.841848067226,-123.356733888406
1209,BedouinB.DG,PCA,239.938042281679,-244.59687331726
1210,BedouinB.DG,PCA,250.079699989656,-256.782903260867
1211,BedouinB.DG,PCA,255.728540621889,-361.554405929423
1212,BedouinB.DG,PCA,243.327361745937,-247.762468799281
1213,BedouinB.DG,PCA,249.143598043062,-236.099716193421
1214,BedouinB.DG,PCA,237.483517336366,-200.405943168797
1215,BedouinB.DG,PCA,255.125849062724,-285.561443458426
1216,BedouinB.DG,PCA,252.295364165113,-255.352329369939
1217,BedouinB.DG,PCA,222.012789549019,-171.5180790008
1218,BedouinB.DG,PCA,228.11839667329,-201.975161598704
1219,BedouinB.DG,PCA,226.165064983305,-209.702809529449
1220,BedouinB.DG,PCA,223.056771454094,-215.62382996079
1221,BedouinB.DG,PCA,243.148530349838,-259.213178746985
1222,BedouinB.DG,PCA,235.802356937137,-292.485154798983
1223,BedouinB.DG,PCA,227.214034973283,-192.841428337058
1224,BedouinB.DG,PCA,232.16451155402,-200.709993570532
1225,BedouinB.DG,PCA,230.848482636736,-235.956109627837
1226,Bulgarian.DG,PCA,-48.1161671295973,12.4966507328874
1227,Bulgarian.DG,PCA,-37.125113756117,2.00588513362916
1228,CanaryIslands_Guanche.SG,PCA,19.807515818228,-10.8708021616135
1229,CanaryIslands_Guanche.SG,PCA,36.3346171306024,-24.8255956838072
1230,CanaryIslands_Guanche.SG,PCA,25.0022921222375,-13.9430235561357
1231,CanaryIslands_Guanche.SG,PCA,49.6238418759627,-25.4155625802203
1232,Chechen.DG,PCA,3.36736302296522,103.372884715174
1233,Czech_Modern,PCA,-60.634032723,-5.67612673744767
1234,Czech.DG,PCA,-100.181035317211,-13.2582564155339
1235,Druze.DG,PCA,94.5908739976911,59.6110574048292
1236,Druze.DG,PCA,100.0245518153,44.4922954722183
1237,Druze.DG,PCA,97.6179293067496,54.7777014465091
1238,Druze.DG,PCA,104.885393738349,67.0696472137047
1239,Druze.DG,PCA,89.5034831498221,60.5639685923936
1240,Druze.DG,PCA,97.9982525275303,82.9573950670283
1241,Druze.DG,PCA,91.8278726995616,47.0205156754158
1242,Druze.DG,PCA,96.191527386271,56.4874086651564
1243,Druze.DG,PCA,98.7754920786938,42.4619873779508
1244,Druze.DG,PCA,91.743406687425,60.6034343684907
1245,Druze.DG,PCA,105.372695033429,67.141287135175
1246,Druze.DG,PCA,96.2061395744514,25.0246231710591
1247,Druze.DG,PCA,111.979708057518,69.8891232150005
1248,Druze.DG,PCA,99.6416015288934,95.3490728176111
1249,Druze.DG,PCA,95.2457679966264,60.1495769671445
1250,Druze.DG,PCA,76.996690759424,61.2497683630102
1251,Druze.DG,PCA,104.490752390521,67.5533125140277
1252,Druze.DG,PCA,95.3818529435859,60.2128234787802
1253,Druze.DG,PCA,109.20621866565,77.6538843997257
1254,Druze.DG,PCA,97.3069743670596,68.8264588274838
1255,Druze.DG,PCA,102.221472388323,69.454257303739
1256,Druze.DG,PCA,93.589989528149,40.5870327594099
1257,Druze.DG,PCA,82.7788386563067,21.1832776248398
1258,Druze.DG,PCA,82.9818555910209,46.0641044332728
1259,Druze.DG,PCA,97.2063215887775,50.333121981358
1260,Druze.DG,PCA,105.244736619611,92.0016622215115
1261,Druze.DG,PCA,86.1702480866453,47.6355876661988
1262,Druze.DG,PCA,91.6920460442897,27.7863865873135
1263,Druze.DG,PCA,76.2352193903219,36.3808939517384
1264,Druze.DG,PCA,107.160188464295,72.875112423199
1265,Druze.DG,PCA,87.8361720860949,65.6537931746736
1266,Druze.DG,PCA,98.7048742682155,46.0141414447535
1267,Druze.DG,PCA,91.215373313228,68.3343718543457
1268,Druze.DG,PCA,100.693593484045,45.2398274917355
1269,Druze.DG,PCA,101.059231328671,51.0583747123784
1270,Druze.DG,PCA,80.8843318589526,70.0537901954026
1271,Druze.DG,PCA,84.5722658776167,29.4573847555233
1272,Druze.DG,PCA,107.105357357873,61.1131455998946
1273,Druze.DG,PCA,78.3417612180713,32.8988403620638
1274,Druze.DG,PCA,101.303889567973,71.4645098272452
1275,Druze.DG,PCA,90.2912724439663,53.0053729947542
1276,English.DG,PCA,-110.862657373259,-19.9232879708698
1277,English.DG,PCA,-102.85478651045,-23.8243689192419
1278,Estonian.DG,PCA,-143.428313754403,0.183251299370353
1279,Estonian.DG,PCA,-127.264107989932,3.47569946994603
1280,Finnish.DG,PCA,-127.07511699164,-9.47105881167959
1281,Finnish.DG,PCA,-128.76841906623,-2.73072410293845
1282,Finnish_o.DG,PCA,-124.1117160746,-0.287264260313673
1283,French_o.DG,PCA,-80.129303465982,-25.7784478144503
1284,Georgian.DG,PCA,49.1648944013073,109.128195747399
1285,Georgian.DG,PCA,35.5838288959125,101.390640092411
1286,Greek_1.DG,PCA,-33.0832542459411,8.51680259902223
1287,Greek_2.DG,PCA,50.051100657328,65.349666541174
1288,Hungarian.DG,PCA,-102.062466907412,-21.8251274877729
1289,Hungarian.DG,PCA,-100.37444382867,-7.74906795917518
1290,IBS_CanaryIslands.SG,PCA,-24.4355239146578,-89.2015017610441
1291,IBS_CanaryIslands.SG,PCA,-33.0040810589534,-106.876237961943
1292,Icelandic.DG,PCA,-122.305552555415,-13.6813909681322
1293,Icelandic.DG,PCA,-120.622639166633,-18.304700171243
1294,Iranian.DG,PCA,53.04136450558,100.571004581808
1295,Iranian.DG,PCA,67.9574640777652,100.171477150121
1296,Italian_North.DG,PCA,-52.3617089459713,-31.6557041031415
1297,Italian_North.DG,PCA,-60.5199735871798,-27.2579696382193
1298,Italian_North.DG,PCA,-46.4179775861067,-19.3454881995574
1299,Italian_North.DG,PCA,-52.7360130181417,-31.6606018661944
1300,Italian_North.DG,PCA,-44.3784155423471,-22.5599626376693
1301,Italian_North.DG,PCA,-46.8618768122893,-30.2546015854136
1302,Italian_North.DG,PCA,-54.0877144352246,-14.4287003353717
1303,Italian_North.DG,PCA,-26.9371660634956,-17.6321194641845
1304,Italian_North.DG,PCA,-26.4278906789315,-5.29799071901436
1305,Italian_North.DG,PCA,-31.318108090087,-3.84375178118404
1306,Italian_North.DG,PCA,-31.8511361130645,-22.0749939024516
1307,Italian_North.DG,PCA,-32.215008950771,-13.329896539365
1308,Italian_North.DG,PCA,-29.6492499621374,-10.8999225432712
1309,Italian_North.DG,PCA,-31.610624994151,-11.3436454966624
1310,Italian_North.DG,PCA,-23.8676704725344,-13.03608549536
1311,Italian_North.DG,PCA,-46.9954967243719,-26.0001375102725
1312,Italian_North.DG,PCA,-41.0834080582708,-16.5543213615716
1313,Italian_North.DG,PCA,-56.7713467147008,-27.005456000635
1314,Italian_North.DG,PCA,-40.8469489617975,-30.816522426528
1315,Italian_North.DG,PCA,-54.6318283985757,-25.0990068994295
1316,Italian_Sardinian.DG,PCA,-25.8964208561918,-80.2656764891175
1317,Italian_Sardinian.DG,PCA,-31.847314780625,-81.9329116858551
1318,Jew_Iraqi.DG,PCA,82.7130170200905,51.6317348041428
1319,Jew_Iraqi.DG,PCA,89.8859026038157,48.7022670217334
1320,Jew_Yemenite.DG,PCA,172.426000361142,-35.9701224749344
1321,Jew_Yemenite.DG,PCA,166.896016939093,-26.6509631261396
1322,Jordanian.DG,PCA,109.795979864102,19.9937382712387
1323,Jordanian.DG,PCA,118.997291375097,10.5360787183339
1324,Jordanian.DG,PCA,129.996639441761,17.0658053704116
1325,Lezgin.DG,PCA,-0.288850680997837,89.7186048636392
1326,Lezgin.DG,PCA,8.28608173934752,86.726193253578
1327,Norwegian.DG,PCA,-120.294181809984,-8.11697971461039
1328,Orcadian.DG,PCA,-118.759692785676,-21.3174807913178
1329,Orcadian.DG,PCA,-115.583766628052,-14.8406029976315
1330,Orcadian.DG,PCA,-109.856482718609,-20.9842730496456
1331,Orcadian.DG,PCA,-103.592871588533,-5.82998242577341
1332,Orcadian.DG,PCA,-119.964817369475,-21.2267623073485
1333,Orcadian.DG,PCA,-112.469344737957,-20.8679315172911
1334,Orcadian.DG,PCA,-117.012439907253,-14.7750130871867
1335,Orcadian.DG,PCA,-121.120928055576,-20.9916482406401
1336,Orcadian.DG,PCA,-112.586730335304,-19.0810860489173
1337,Orcadian.DG,PCA,-116.637312566518,-26.5266591098649
1338,Orcadian.DG,PCA,-110.969113966743,-18.3765746125136
1339,Orcadian.DG,PCA,-114.627847630915,-23.4075646959219
1340,Orcadian.DG,PCA,-115.246866719884,-17.2803820854225
1341,Orcadian.DG,PCA,-110.721734187202,-22.8524054190577
1342,Orcadian.DG,PCA,-116.273402355012,-19.0462116573608
1343,Orcadian.DG,PCA,-115.698087670051,-21.9651254006066
1344,Orcadian.DG,PCA,-109.348350151712,-14.4312782658203
1345,Palestinian.DG,PCA,141.663478165389,25.3188413332063
1346,Palestinian.DG,PCA,149.633180730558,38.3255902022748
1347,Palestinian.DG,PCA,168.754063209103,19.1631061809662
1348,Palestinian.DG,PCA,147.391237241477,28.924047566574
1349,Palestinian.DG,PCA,131.131658463217,15.5567196427028
1350,Palestinian.DG,PCA,142.052584729475,34.2052644439754
1351,Palestinian.DG,PCA,134.837196096807,18.6532674314666
1352,Palestinian.DG,PCA,173.618082988605,-30.7991612301259
1353,Palestinian.DG,PCA,158.156540630811,12.9645509126096
1354,Palestinian.DG,PCA,143.382962804637,-13.0936219869674
1355,Palestinian_oAfrican.DG,PCA,178.194507113922,-6.48439536703383
1356,Palestinian.DG,PCA,150.368078284821,-4.88963421888322
1357,Palestinian_oAfrican.DG,PCA,138.896049220765,11.4603867357268
1358,Palestinian.DG,PCA,120.753380262554,25.8852860257743
1359,Palestinian.DG,PCA,134.7804660004,16.7334926028163
1360,Palestinian.DG,PCA,138.572267017867,20.4732589309138
1361,Palestinian.DG,PCA,148.753525470234,5.94353411632585
1362,Palestinian.DG,PCA,129.015178883377,20.6477310066652
1363,Palestinian.DG,PCA,131.711349717767,28.7849257301177
1364,Palestinian.DG,PCA,143.741903585523,1.81691852418853
1365,Palestinian.DG,PCA,138.127181941528,19.2708042343228
1366,Palestinian.DG,PCA,129.408884920207,12.2569824163061
1367,Palestinian.DG,PCA,145.939966740889,-7.99966988080295
1368,Palestinian.DG,PCA,141.404869274069,25.1734256862869
1369,Palestinian.DG,PCA,146.831952431063,27.4219260085006
1370,Palestinian.DG,PCA,149.214341598927,38.1877456027092
1371,Palestinian.DG,PCA,155.994085059814,14.3571677737145
1372,Palestinian.DG,PCA,136.334559593501,15.8404329514511
1373,Palestinian.DG,PCA,150.369809886873,13.2937102179998
1374,Palestinian.DG,PCA,135.540190740735,23.7597374428969
1375,Palestinian_oAfrican.DG,PCA,179.956574570644,0.551927698222458
1376,Palestinian.DG,PCA,147.978175285361,8.00742226888525
1377,Palestinian.DG,PCA,146.415836992369,14.2076771192022
1378,Palestinian.DG,PCA,140.566903184398,18.8653198790852
1379,Palestinian.DG,PCA,138.38529557521,15.041418861525
1380,Palestinian.DG,PCA,125.615287121965,20.9157763015278
1381,Palestinian.DG,PCA,169.588035588907,19.7419037339832
1382,Palestinian.DG,PCA,160.068523772689,-2.41702399357192
1383,Palestinian.DG,PCA,133.24136332882,10.4577591009757
1384,Palestinian.DG,PCA,132.161117583503,16.5339565666095
1385,Palestinian.DG,PCA,149.283751254893,6.80654798049306
1386,Polish.DG,PCA,-97.887026262749,-2.60567721750191
1387,Russia_NorthOssetian.DG,PCA,11.7610590067984,87.6278194486154
1388,Russia_NorthOssetian.DG,PCA,11.1387291629681,87.7517788434415
1389,Sardinian.DG,PCA,-36.6346740978712,-97.8220311193475
1390,Sardinian.DG,PCA,-37.1178605935679,-91.6863548847299
1391,Sardinian.DG,PCA,-41.0211593319676,-102.658161383155
1392,Sardinian.DG,PCA,-29.9321117105135,-73.6057656301533
1393,Sardinian.DG,PCA,-44.8026916042826,-73.6953001177334
1394,Sardinian.DG,PCA,-35.8561149264225,-91.043022598365
1395,Sardinian.DG,PCA,-33.9175073473941,-87.6591802661302
1396,Sardinian.DG,PCA,-34.4060475988936,-83.5497870347542
1397,Sardinian.DG,PCA,-37.4222791734994,-81.2219141122369
1398,Sardinian.DG,PCA,-24.3568713156989,-78.2364544257992
1399,Sardinian.DG,PCA,-38.1549960421867,-86.50831911828
1400,Sardinian.DG,PCA,-31.4534804605421,-84.4284318998873
1401,Sardinian.DG,PCA,-33.3310173053185,-86.7055559490223
1402,Sardinian.DG,PCA,-42.1485888501117,-84.0027113398964
1403,Sardinian.DG,PCA,-34.573153834181,-96.8265598361071
1404,Sardinian.DG,PCA,-25.3082155561287,-83.0561649490183
1405,Sardinian.DG,PCA,-26.3565491498941,-76.6772745349277
1406,Sardinian.DG,PCA,-37.8132902614878,-83.1359345850065
1407,Sardinian.DG,PCA,-31.437732556037,-85.3195027073441
1408,Sardinian.DG,PCA,-30.5327441119836,-78.1682179659911
1409,Sardinian.DG,PCA,-23.3346896502849,-74.8586257422878
1410,Sardinian.DG,PCA,-32.0834874462655,-75.2831216580698
1411,Sardinian.DG,PCA,-32.8110906317035,-81.9494796578259
1412,Sardinian.DG,PCA,-26.698006968493,-84.8836084234452
1413,Sardinian.DG,PCA,-36.2847367876651,-97.9459059875419
1414,Sardinian.DG,PCA,-33.9569927669987,-67.8285340267288
1415,Sardinian.DG,PCA,-37.9289066020916,-92.2960196316019
1416,Sardinian.DG,PCA,-41.6387700805805,-103.838200677731
1417,Spain_Greek_oAegean,PCA,10.5886413712734,-4.87114550542366
1418,Spain_Greek_oLocal,PCA,-71.2951427647852,-46.9498504506539
1419,Spain_Greek_oLocal,PCA,-4.25344257397289,-2.29205740244287
1420,Spain_Greek_oLocal,PCA,-2.29648029221977,-0.753605121481426
1421,Spain_Greek_oLocal,PCA,-2.44759736998262,-0.663861329536685
1422,Spain_Greek_oLocal,PCA,-44.5068591930715,-19.6115310180038
1423,Spain_Greek_oLocal,PCA,-1.59152448201767,-1.11964609828304
1424,Spain_Greek_oLocal,PCA,-3.83391834078557,-1.57616729727449
1425,Spain_Greek_oLocal,PCA,-3.26173753622583,-0.820083155628213
1426,Spain_Greek_oLocal_lc,PCA,-0.753952839458203,-0.73990413161444
1427,Spanish.DG,PCA,-63.0304108528296,-45.6306612649208
1428,Spanish.DG,PCA,-48.9106013068662,-54.8146890309036
1429,Turkish.DG,PCA,37.5997580612743,54.4368813229848
1430,Turkish.DG,PCA,32.7717934704416,59.8077362845803
1431,IBS_CanaryIslands.DG,PCA,-11.9732046230724,-72.4197958801113
1432,IBS_CanaryIslands.DG,PCA,-19.409136358791,-83.4040827954326
